subreddit,title,selftext,id,date_created,author,link_flair_richtext,permalink,ups,downs,num_comments,score,total_awards_received,submission,p or c
SolanaNFTs,Solana-Based GameFi Title Genopets to Partner With Yield Guild Games,,qqu3qn,2021-11-10 13:11:00,CoinjoyAssistant,[],/r/SolanaNFTs/comments/qqu3qn/solanabased_gamefi_title_genopets_to_partner_with/,4,0,5,4,0,qqu3qn,post
SolanaNFTs,,Yield Guild is good i love this development,hk81zrf,2021-11-11 17:13:03,stella00002,[],/r/SolanaNFTs/comments/qqu3qn/solanabased_gamefi_title_genopets_to_partner_with/hk81zrf/,1,0,,1,0,qqu3qn,comment
SolanaNFTs,,I must commend Genopet team work,hk8eyvr,2021-11-11 18:38:13,pupkin77668,[],/r/SolanaNFTs/comments/qqu3qn/solanabased_gamefi_title_genopets_to_partner_with/hk8eyvr/,1,0,,1,0,qqu3qn,comment
SolanaNFTs,,Amazing I also saw an interesting project called SolaJump but they are in an early stage for the moment,hlr8djk,2021-11-23 11:22:36,JamesLoganSol,[],/r/SolanaNFTs/comments/qqu3qn/solanabased_gamefi_title_genopets_to_partner_with/hlr8djk/,1,0,,1,0,qqu3qn,comment
SolanaNFTs,üéÅ BITCODE.ART NFT GIVEAWAY üéÅ- JUST UPVOTE & DROP SOLANA ADDRESS! Last giveaway before Mint! NFTs and $CASH$,,rdm7rs,2021-12-10 23:51:57,shendo-tech,[],/r/SolanaNFTs/comments/rdm7rs/bitcodeart_nft_giveaway_just_upvote_drop_solana/,3,0,3,3,0,rdm7rs,post
SolanaNFTs,,0x7f02cf5Ee5e8dF330619774331492dc0268b2788,ho24s6a,2021-12-11 00:38:23,Away_Durian_9708,[],/r/SolanaNFTs/comments/rdm7rs/bitcodeart_nft_giveaway_just_upvote_drop_solana/ho24s6a/,2,0,,2,0,rdm7rs,comment
SolanaNFTs,,6CT61XWAP2tdVcjb7MuB2XgYhrLRA9oNTWyE4tUuW1dM,hou3pb6,2021-12-16 21:56:35,VegetableChoice7967,[],/r/SolanaNFTs/comments/rdm7rs/bitcodeart_nft_giveaway_just_upvote_drop_solana/hou3pb6/,1,0,,1,0,rdm7rs,comment
SolanaNFTs,,"Join discord for giveaway!  
  
https://discord.gg/DqupRWNb59",ho25x8t,2021-12-11 00:46:48,shendo-tech,[],/r/SolanaNFTs/comments/rdm7rs/bitcodeart_nft_giveaway_just_upvote_drop_solana/ho25x8t/,1,0,,1,0,rdm7rs,comment
SolanaNFTs,How to Link image to NFT??,"Hi guys,


So i managed to create a non-fungible-token on solana using this manual: https://spl.solana.com/token

but how do i link an image (JPEG) to my newly minted NFT?

please help the man out
appreciate you!
cheerzüòÅ",phrqfq,2021-09-04 13:39:19,try_can069,[],/r/SolanaNFTs/comments/phrqfq/how_to_link_image_to_nft/,4,0,2,4,0,phrqfq,post
SolanaNFTs,,Is there even a marketplace for avg Joe artists on Sol yet? All i've seen are the expensive curated collections,hbl2nw3,2021-09-04 16:36:52,jmbsol1234,[],/r/SolanaNFTs/comments/phrqfq/how_to_link_image_to_nft/hbl2nw3/,1,0,,1,0,phrqfq,comment
SolanaNFTs,,"I've been minting and listing stuff on Solsea.  You have to fill out a form to list something you minted, but it's possible.  


I've made one sale on their platform, but they've altered the main page so that only verified collections get shown by default.  It has significantly reduced traffic to my NFT's.",hf8c97h,2021-10-03 14:51:01,CyberneticFart,[],/r/SolanaNFTs/comments/phrqfq/how_to_link_image_to_nft/hf8c97h/,2,0,,2,0,phrqfq,comment
SolanaNFTs,Looking for Solana NFT community? Find us on r/SolanaNFT,,phmqq3,2021-09-04 07:00:25,h3r3isWiFi,[],/r/SolanaNFTs/comments/phmqq3/looking_for_solana_nft_community_find_us_on/,4,0,2,4,0,phmqq3,post
SolanaNFTs,üî•üî• DROP YOUR ADDRESS üî•üî• ! üéÅ GIVEAWAYs üéÅ CHECK COMMENTS üëá,,swc1cy,2022-02-19 15:04:20,gfdsaea,[],/r/SolanaNFTs/comments/swc1cy/drop_your_address_giveaways_check_comments/,3,0,2,3,0,swc1cy,post
SolanaNFTs,,0x8128539CC9D01219B06B497A3c169C1A3F41AB9C,hxl7ht7,2022-02-19 15:54:00,Ozed974,[],/r/SolanaNFTs/comments/swc1cy/drop_your_address_giveaways_check_comments/hxl7ht7/,1,0,,1,0,swc1cy,comment
SolanaNFTs,,"Join our Discord to participate:  
[https://discord.gg/nSwcMr3Tj3](https://discord.gg/nSwcMr3Tj3)",hxl8x76,2022-02-19 16:04:00,gfdsaea,[],/r/SolanaNFTs/comments/swc1cy/drop_your_address_giveaways_check_comments/hxl8x76/,1,0,,1,0,swc1cy,comment
SolanaNFTs,Degen Air : Bringing Air Raids to Solana,"Discord: [https://discord.gg/degenair](https://discord.gg/degenair)

&#x200B;

Twitter: [https://twitter.com/degenairnft](https://twitter.com/degenairnft)

&#x200B;

Site: [https://degenair.io](https://degenair.io)

&#x200B;

Degen Air is one of the first projects on the Solana blockchain to offer Air Raids for its holders. Future plans include staking your aircraft for $MILES tokens, and of course airdrops! 20% of mint profits to Air Raid Treasury, 20% to Research and Development.

&#x200B;

Air raids are twice weekly sweeps on community chosen projects using the community treasury. The treasury is also replenished from 75% royalty commission from each Degen Air sale every week.

&#x200B;

Team will also be doxed closer to launch! We are also hosting giveaways each week leading up to launch.

&#x200B;

Whitelist is open, check us out! ‚úàÔ∏è",qyfkk9,2021-11-20 21:44:33,Liberijk9w,[],/r/SolanaNFTs/comments/qyfkk9/degen_air_bringing_air_raids_to_solana/,3,0,0,3,0,qyfkk9,post
SolanaNFTs,"In partnership with the largest r/NFT subreddit, we have asked mods to create ""Solana"" Category/Channel on the Discord server (26K+ NFT-enthusiasts). Join the r/NFT Community server and y'all request too.",,phms2n,2021-09-04 07:03:29,h3r3isWiFi,[],/r/SolanaNFTs/comments/phms2n/in_partnership_with_the_largest_rnft_subreddit_we/,3,0,2,3,0,phms2n,post
SolanaNFTs,"News of the conclusion of IPX -PlayDapp Business Agreement (MOU),Metaverse&NFTPlatform Synergy Expectation!!","IPX (for example Line Friends) and blockchain service platform PlayDapp have signed a strategic MOU(memorandum of understanding). Through the article, he said, ""We will launch a full-fledged digital IP entertainment business based on Metaverse& NFT by conducting various collaborations around our digital IP generation platform 'FRENZ' that will be officially introduced earlier this year."" There are several reasons why this combination is receiving great attention. 

https://preview.redd.it/9gmk3ah5jkm81.png?width=752&format=png&auto=webp&s=280ba79e342cb86d0bf64aebf3e0568550ec60c5

 ""**IPX**"" is a new name for ""**LINE FRIENDS**,"" which is already very familiar to us and very popular other countries besides Korea, with the dual meaning of ""IP eXperience,"" which means providing various IP experiences and ""Impressive Present eXperience,"" which means unforgettable gifts. 

&#x200B;

https://preview.redd.it/zhoi4ngajkm81.png?width=747&format=png&auto=webp&s=d25e1a719b335071858fbba8668ee202d6366100

 IPX's characters have been conducting various collaborations, starting with the original character ""LINE Friends"" In particular, collaboration with celebrities is notable, and character businesses such as ""BT21,"" a collaboration character with BTS, and ""WDZY,"" a collaboration character with ITZY, are expanding.

In particular, the character IP business has gained great recognition not only online and offline but also overseas, so it is very encouraging to enter the metaverse business.

&#x200B;

https://preview.redd.it/0hazcw7hkkm81.png?width=753&format=png&auto=webp&s=f549e6531a75654c0d6e11182b5efb8a95ac132e

 PlayDapp is a DApp(Decentralized Applicatio) game portal that provides NFT marketplace services as well as launching multi-homeming games that can move and use various platforms such as ""Cryptodoser"" and ""Along with the Gods"" based on blockchain technology.

It is a company that is drawing attention not only in Korea but also abroad because it has already accumulated various cases and experiences using blockchain. It has already been the only blockchain team in Korea to be listed on Binance, the world's largest exchange, and Upbit,Coinbase, proving its competitiveness.

While many projects aim to be listed and have shown little progress since then, it seems that they have met the standards of the largest exchanges with tricky tastes.

An IPX official said, ""With this strategic business agreement with PlayDapp, we will expand our activities by NFTing our IPs and linking them to blockchain games to build a new 'digital IP entertainment business' model.""

The popularization of NFT and Metaverse platforms is expected to accelerate as NFT and Metaverse platforms are becoming more concrete through partnerships and business agreements. I'm looking forward to how various services and platforms will change in the future.

Related websites.

[https://www.frenz.world/](https://www.frenz.world/)

[https://playdapp.io/](https://playdapp.io/)

[https://www.linefriends.com/?lang=en](https://www.linefriends.com/?lang=en)",tb0d5o,2022-03-10 14:50:41,Godnec,[],/r/SolanaNFTs/comments/tb0d5o/news_of_the_conclusion_of_ipx_playdapp_business/,2,0,0,2,0,tb0d5o,post
SolanaNFTs,"News of the conclusion of IPX - PlayDapp Business Agreement (MOU), Metaverse & NFT Platform Synergy Expectation!!",,tairuq,2022-03-09 22:00:07,Godnec,[],/r/SolanaNFTs/comments/tairuq/news_of_the_conclusion_of_ipx_playdapp_business/,2,0,1,2,0,tairuq,post
SolanaNFTs,,"News of the conclusion of IPX - PlayDapp Business Agreement (MOU), Metaverse & NFT Platform Synergy Expectation!!  
  
IPX (for example Line Friends) and blockchain service platform PlayDapp have signed a strategic MOU(memorandum of understanding). Through the article, he said, ""We will launch a full-fledged digital IP entertainment business based on Metaverse & NFT by conducting various collaborations around our digital IP generation platform 'FRENZ' that will be officially introduced earlier this year."" There are several reasons why this combination is receiving great attention.  
  
  
  
""IPX"" is a new name for ""LINE FRIENDS,"" which is already very familiar to us and very popular other countries besides Korea, with the dual meaning of ""IP eXperience,"" which means providing various IP experiences and ""Impressive Present eXperience,"" which means unforgettable gifts.  
  
  
  
IPX's characters have been conducting various collaborations, starting with the original character ""LINE Friends"" In particular, collaboration with celebrities is notable, and character businesses such as ""BT21,"" a collaboration character with BTS, and ""WDZY,"" a collaboration character with ITZY, are expanding.  
In particular, the character IP business has gained great recognition not only online and offline but also overseas, so it is very encouraging to enter the metaverse business.  
  
  
  
PlayDapp is a DApp(Decentralized Applicatio) game portal that provides NFT marketplace services as well as launching multi-homeming games that can move and use various platforms such as ""Cryptodoser"" and ""Along with the Gods"" based on blockchain technology.  
  
It is a company that is drawing attention not only in Korea but also abroad because it has already accumulated various cases and experiences using blockchain. It has already been the only blockchain team in Korea to be listed on Binance, the world's largest exchange, and Upbit, Coinbase, proving its competitiveness.  
While many projects aim to be listed and have shown little progress since then, it seems that they have met the standards of the largest exchanges with tricky tastes.  
  
An IPX official said, ""With this strategic business agreement with PlayDapp, we will expand our activities by NFTing our IPs and linking them to blockchain games to build a new 'digital IP entertainment business' model.""  
The popularization of NFT and Metaverse platforms is expected to accelerate as NFT and Metaverse platforms are becoming more concrete through partnerships and business agreements. I'm looking forward to how various services and platforms will change in the future.  
  
Related websites.  
https://www.frenz.world/  
https://playdapp.io/  
https://www.linefriends.com/?lang=en",i0113zl,2022-03-09 22:00:50,Godnec,[],/r/SolanaNFTs/comments/tairuq/news_of_the_conclusion_of_ipx_playdapp_business/i0113zl/,1,0,,1,0,tairuq,comment
SolanaNFTs,$olana Zoo - A total of 5555 NFT's will be minted. Currently a massive 10 Sol Giveaway is going on which will end on 27th Feb 21:00 UTC. Discord - https://discord.gg/9zYBaVmK,,t2lmsf,2022-02-27 10:41:29,rk_cryptonite,[],/r/SolanaNFTs/comments/t2lmsf/olana_zoo_a_total_of_5555_nfts_will_be_minted/,2,0,5,2,0,t2lmsf,post
SolanaNFTs,,Discord - https://discord.gg/9zYBaVmK,hymppch,2022-02-27 10:41:45,rk_cryptonite,[],/r/SolanaNFTs/comments/t2lmsf/olana_zoo_a_total_of_5555_nfts_will_be_minted/hymppch/,1,0,,1,0,t2lmsf,comment
SolanaNFTs,,"View in your timezone:  
[27th Feb 21:00 UTC][0]  

[0]: https://timee.io/20220227T2100?tl=%24olana%20Zoo%20-%20A%20total%20of%205555%20NFT's%20will%20be%20minted.%20Currently%20a%20massive%2010%20Sol%20Giveaway%20is%20going%20on%20which%20will%20end%20on%2027th%20Feb%2021%3A00%20UTC.%20Discord%20-%20https%3A%2F%2Fdiscord.gg%2F9zYBaVmK",hymppqk,2022-02-27 10:41:53,timee_bot,[],/r/SolanaNFTs/comments/t2lmsf/olana_zoo_a_total_of_5555_nfts_will_be_minted/hymppqk/,1,0,,1,0,t2lmsf,comment
SolanaNFTs,,0x8128539CC9D01219B06B497A3c169C1A3F41AB9C,hymyaey,2022-02-27 12:31:26,Ozed974,[],/r/SolanaNFTs/comments/t2lmsf/olana_zoo_a_total_of_5555_nfts_will_be_minted/hymyaey/,1,0,,1,0,t2lmsf,comment
SolanaNFTs,,"  
I think Slope Finance will be biggest in 2022. As they are the 1st Wallet Platform based on Solana. Guys CHeck this, I really love them now.  
  
  
Slope Finance is building the world's best decentralized mobile wallet and exchange.  
  
We are just getting started. Come aboard and be a part of Internet history as we define the next generation of Web3 user experiences and power innovation in a trustless world through Slope Finance products.  
  
**What is Slope Finance?**

  
**S**lope DEX is the first Serum based mobile app with a decentralized automated full limit order book. It provides an excellent experience with a familiar interface for centralized exchanges.  
Slope Wallet, as an indispensable component of Slope DEX, is the first cross-platform wallet created for Solana. It provides Slope DEX and Slope NFTs Market users with a complete user experience.

  
Slope NFTs Market is the main feature built into Slope Wallet. It allows creators and brands to mint NFTs, and users to store and auction NFTs.

  
Slope is governed by Slope DAO. All community members who own SLOPE can participate in the governance of the project.",hz1hqhr,2022-03-02 12:26:17,himmat01btc,[],/r/SolanaNFTs/comments/t2lmsf/olana_zoo_a_total_of_5555_nfts_will_be_minted/hz1hqhr/,1,0,,1,0,t2lmsf,comment
SolanaNFTs,Diamond Town Heads - Try your luck in the epicüéÅ 10 $SOL giveaway ( 100 msg req ) ends in 24 hours.,,sx4v72,2022-02-20 16:22:00,rk_cryptonite,[],/r/SolanaNFTs/comments/sx4v72/diamond_town_heads_try_your_luck_in_the_epic_10/,2,0,2,2,0,sx4v72,post
SolanaNFTs,,0x8128539CC9D01219B06B497A3c169C1A3F41AB9C,hxq8ody,2022-02-20 17:54:42,Ozed974,[],/r/SolanaNFTs/comments/sx4v72/diamond_town_heads_try_your_luck_in_the_epic_10/hxq8ody/,1,0,,1,0,sx4v72,comment
SolanaNFTs,Funky Squad NFT - Multiple GIVEAWAY and Weekly Game night | Link in comments,,svh3l7,2022-02-18 12:44:57,gfdsaea,[],/r/SolanaNFTs/comments/svh3l7/funky_squad_nft_multiple_giveaway_and_weekly_game/,2,0,3,2,0,svh3l7,post
SolanaNFTs,,"Join our community and check all our GIVEAWAY! You can win NFT, OG, WL, $$ !  
Check our Discord Channels & join for fun games.  
[https://discord.gg/nSwcMr3Tj3](https://discord.gg/nSwcMr3Tj3)",hxftywj,2022-02-18 12:45:05,gfdsaea,[],/r/SolanaNFTs/comments/svh3l7/funky_squad_nft_multiple_giveaway_and_weekly_game/hxftywj/,1,0,,1,0,svh3l7,comment
SolanaNFTs,,0x8128539CC9D01219B06B497A3c169C1A3F41AB9C,hxg1ue8,2022-02-18 13:53:15,Ozed974,[],/r/SolanaNFTs/comments/svh3l7/funky_squad_nft_multiple_giveaway_and_weekly_game/hxg1ue8/,1,0,,1,0,svh3l7,comment
SolanaNFTs,,Don't forgot to go to our Discord [https://discord.gg/nSwcMr3Tj3](https://discord.gg/nSwcMr3Tj3),hxg7uuw,2022-02-18 14:38:54,gfdsaea,[],/r/SolanaNFTs/comments/svh3l7/funky_squad_nft_multiple_giveaway_and_weekly_game/hxg7uuw/,1,0,,1,0,svh3l7,comment
SolanaNFTs,"0,5 sol + 1 NFT Giveaway ‚Äì Upvote and drop your wallet address",,ss6hkc,2022-02-14 09:18:42,NeighborhoodDue5845,[],/r/SolanaNFTs/comments/ss6hkc/05_sol_1_nft_giveaway_upvote_and_drop_your_wallet/,2,0,3,2,0,ss6hkc,post
SolanaNFTs,,To receive the prize join discord: https://discord.gg/tqP6Utty and follow us on twitter: https://twitter.com/solleopards,hww2jpr,2022-02-14 09:18:50,NeighborhoodDue5845,[],/r/SolanaNFTs/comments/ss6hkc/05_sol_1_nft_giveaway_upvote_and_drop_your_wallet/hww2jpr/,1,0,,1,0,ss6hkc,comment
SolanaNFTs,,0x8128539CC9D01219B06B497A3c169C1A3F41AB9C,hww4pwr,2022-02-14 09:50:06,Ozed974,[],/r/SolanaNFTs/comments/ss6hkc/05_sol_1_nft_giveaway_upvote_and_drop_your_wallet/hww4pwr/,1,0,,1,0,ss6hkc,comment
SolanaNFTs,,To receive the prize join discord: https://discord.gg/tqP6Utty and follow us on twitter: https://twitter.com/solleopards,hwwf6yw,2022-02-14 12:11:17,NeighborhoodDue5845,[],/r/SolanaNFTs/comments/ss6hkc/05_sol_1_nft_giveaway_upvote_and_drop_your_wallet/hwwf6yw/,1,0,,1,0,ss6hkc,comment
SolanaNFTs,NFT Giveaways,,skbyoh,2022-02-04 12:18:55,Jinx__97,[],/r/SolanaNFTs/comments/skbyoh/nft_giveaways/,2,0,3,2,0,skbyoh,post
SolanaNFTs,,"Upvote this comment please  
  
Join This Server : https://discord.gg/hj3cHbSuUn  
  
Check Giveaways & Shiller Rewards!  
  
Rewards:  
  
1Ô∏è‚É£ $300 in SOL  
  
2Ô∏è‚É£ $150 in SOL  
  
3Ô∏è‚É£ $50 in SOL + Free NFT  
  
4Ô∏è‚É£ Free NFT  
  
One random member with 20 or more invites will also receive a random Free NFT",hvjwhq7,2022-02-04 12:19:00,Jinx__97,[],/r/SolanaNFTs/comments/skbyoh/nft_giveaways/hvjwhq7/,1,0,,1,0,skbyoh,comment
SolanaNFTs,,0x8128539CC9D01219B06B497A3c169C1A3F41AB9C,hvk5rqj,2022-02-04 13:42:59,Ozed974,[],/r/SolanaNFTs/comments/skbyoh/nft_giveaways/hvk5rqj/,1,0,,1,0,skbyoh,comment
SolanaNFTs,,"Solana is very popular Blockchain now. Check the ultimate features of New Slop Finance Wallet.   
  
  
Slope Wallet - The Mobile Gateway  
  
Few wallets support the Solana blockchain and the experience is poor. As the first cross-platform wallet developed for Solana, Slope Wallet can provide Slope DEX and Slope NFTs Market users with a complete user experience. Furthermore, as the infrastructure of the Solana Ecosystem, Slope Wallet aims to become the first entry into the Solana Ecosystem. Users can access DeFi, NFT and other DApps from the Slope Wallet DApp browser.  
  
As a non-custodial wallet, Slope Wallet helps users to generate new Ethereum and Solana wallets or import existing ones in a few seconds. Users can store Ethereum and Solana assets and clone Ethereum assets to Solana with one click. Enjoy instant transactions at the cost of 1/1000 in Ethereum",hz1i3o4,2022-03-02 12:29:54,himmat01btc,[],/r/SolanaNFTs/comments/skbyoh/nft_giveaways/hz1i3o4/,1,0,,1,0,skbyoh,comment
SolanaNFTs,Discord friends,"I'm new to NFTs and I'm wondering if people want to be friends on discord so we can trade invites for whitelisting, etc. Request me DBel425",s3bnk0,2022-01-13 22:33:02,Quiet-Lemon8406,[],/r/SolanaNFTs/comments/s3bnk0/discord_friends/,2,0,0,2,0,s3bnk0,post
SolanaNFTs,Cool upcoming Project I ran into.,"It's called Solpunkz, and it has a quite interesting roadmap.  
It has an easy Whitelist, 0.69 SOL mint price, IMO nice minimal art and also they hand out .01 SOL for each new invited member that types atleast once in general so I would if you helped a brother out!

&#x200B;

[Join SolPunkz](https://discord.gg/Hcw2QYP5aD)",rwitjp,2022-01-05 09:21:45,DimosKotsis,[],/r/SolanaNFTs/comments/rwitjp/cool_upcoming_project_i_ran_into/,2,0,0,2,0,rwitjp,post
SolanaNFTs,üî• NFT GIVEAWAY üéÅ UPVOTE + ‚úîÔ∏è JOIN DIISCORD ‚¨ÜÔ∏è AND DROP YOUR WALLET SOL ADDRESS‚ù§Ô∏èüêºGalaxy Panda ready to blow in the Metaverse üêº READ COMMENT! MINT DEC 11th üöÄ,,r8cnou,2021-12-04 00:05:15,Fit-Ad8736,[],/r/SolanaNFTs/comments/r8cnou/nft_giveaway_upvote_join_diiscord_and_drop_your/,2,0,3,2,0,r8cnou,post
SolanaNFTs,,"Love it!

9ju1cqrN4qKUXmqpGkYNCNq9mUsioHYsaKvfE9em9XAB",hn5gy4w,2021-12-04 03:16:30,ArcturianLeadership,[],/r/SolanaNFTs/comments/r8cnou/nft_giveaway_upvote_join_diiscord_and_drop_your/hn5gy4w/,1,0,,1,0,r8cnou,comment
SolanaNFTs,Check them out! Great Community and they have a puzzle which was inspired by cicada 3301! If you solve it you get the pot which is currently @ ~40 SOL! 50% of all royalties flow into the pot.,,qvfgve,2021-11-16 19:11:07,Novel_Strike3787,[],/r/SolanaNFTs/comments/qvfgve/check_them_out_great_community_and_they_have_a/,2,0,0,2,0,qvfgve,post
SolanaNFTs,Lava Runners Solana NFT,,qp2tvh,2021-11-08 01:24:58,PatrickWielandTende,[],/r/SolanaNFTs/comments/qp2tvh/lava_runners_solana_nft/,2,0,0,2,0,qp2tvh,post
SolanaNFTs,ShatterNFT giveaway and discord launch!,"üì∑ Shatter Solana NFTüì∑  

 Shatter is a neural network generated NFT art collection. 

\-2048 supply 

\-Unique art 

\-Regular giveaways 

\-Dedicated team of computer scientists (&friendsüì∑ )  

We just launched our Discord server today and to celebrate we have a giveaway going on, check it out!!! üì∑ [https://twitter.com/ShatterNFT/status/1454216037658943493](https://twitter.com/ShatterNFT/status/1454216037658943493)

Come join our [channel](https://discord.gg/cVNbR2gP) and say hiüì∑

&#x200B;

https://preview.redd.it/46rbnqbt8hw71.png?width=1792&format=png&auto=webp&s=10c7fe678d0c9fa12377363e3aeba55354110f56",qipgq6,2021-10-29 23:52:07,Icehawt1,[],/r/SolanaNFTs/comments/qipgq6/shatternft_giveaway_and_discord_launch/,2,0,1,2,0,qipgq6,post
SolanaNFTs,,Horror Fellas - the new Solana NFT AR project is something special! This project looks amazing - art is just awesome! Anyone who likes horror movies should go and check those guys out: https://horror-fellas-solana-nft.com/,hjd4spb,2021-11-05 01:59:03,BriannaMAI94,[],/r/SolanaNFTs/comments/qipgq6/shatternft_giveaway_and_discord_launch/hjd4spb/,1,0,,1,0,qipgq6,comment
SolanaNFTs,"Solana Tokens Enter FTX.US NFT Marketplace, Ethereum Is Next",,q6kqoi,2021-10-12 12:10:55,CoinjoyAssistant,[],/r/SolanaNFTs/comments/q6kqoi/solana_tokens_enter_ftxus_nft_marketplace/,2,0,0,2,0,q6kqoi,post
SolanaNFTs,GIVEAWAY: Cursed Pink Skull (Less than 2 DAYS left!!),"Check it out here for a chance to win one for free!  


[https://twitter.com/highshowers/status/1433088429110267907](https://twitter.com/highshowers/status/1433088429110267907)",pgei6m,2021-09-02 09:38:40,ghost_fried,[],/r/SolanaNFTs/comments/pgei6m/giveaway_cursed_pink_skull_less_than_2_days_left/,2,0,0,2,0,pgei6m,post
SolanaNFTs,"üéÅFREE MINT FOR THE FIRST 500üé•üé¨üíµ A PRIMAL EXPERIMENT THAT EARNS OUR MEMBERS RESIDUAL CRYPTOCURRENCY AND MANY AMAZING FEATURES PERIODICALLY | EARN WHILE HOLDING, UPVOTE ‚¨ÜÔ∏è + DROP YOUR SOL WALLET üî• CHECK COMMENTS FOR DETAILSüëá",,tdv2zh,2022-03-14 11:12:49,Crunchyess,[],/r/SolanaNFTs/comments/tdv2zh/free_mint_for_the_first_500_a_primal_experiment/,1,0,1,1,0,tdv2zh,post
SolanaNFTs,,"Live Mint on (FREE MINT FOR THE FIRST 500): [https://divaz.hollywoodpunkz.com](https://divaz.hollywoodpunkz.com)  
  
Join the twitter & discord through this link:  
  
[https://discord.gg/zbgmrcwntt](https://discord.gg/zbgmrcwntt)  
  
[https://twitter.com/hollywoodpunkz](https://twitter.com/hollywoodpunkz)",i0lr9ov,2022-03-14 11:13:38,Crunchyess,[],/r/SolanaNFTs/comments/tdv2zh/free_mint_for_the_first_500_a_primal_experiment/i0lr9ov/,1,0,,1,0,tdv2zh,comment
SolanaNFTs,üéÅFREE MINT FOR THE FIRST 500üé•üé¨üíµ UPVOTE ‚¨ÜÔ∏è + DROP YOUR SOL WALLET üî• CHECK COMMENTS FOR DETAILSüëá,,tceflg,2022-03-12 11:23:07,Crunchyess,[],/r/SolanaNFTs/comments/tceflg/free_mint_for_the_first_500_upvote_drop_your_sol/,1,0,1,1,0,tceflg,post
SolanaNFTs,,"Live Mint on (FREE MINT FOR THE FIRST 500): [https://divaz.hollywoodpunkz.com](https://divaz.hollywoodpunkz.com)  
  
Join the twitter & discord through this link:  
  
[https://discord.gg/zbgmrcwntt](https://discord.gg/zbgmrcwntt)  
  
[https://twitter.com/hollywoodpunkz](https://twitter.com/hollywoodpunkz)",i0cwfx2,2022-03-12 11:23:23,Crunchyess,[],/r/SolanaNFTs/comments/tceflg/free_mint_for_the_first_500_upvote_drop_your_sol/i0cwfx2/,1,0,,1,0,tceflg,comment
SolanaNFTs,Weird bees are now HERE,,tc4qm6,2022-03-12 00:55:29,matttttayay,[],/r/SolanaNFTs/comments/tc4qm6/weird_bees_are_now_here/,1,0,0,1,0,tc4qm6,post
SolanaNFTs,"üéÅFREE MINT FOR THE FIRST 500üé•üé¨üíµ A PRIMAL EXPERIMENT THAT EARNS OUR MEMBERS RESIDUAL CRYPTOCURRENCY AND MANY AMAZING FEATURES PERIODICALLY | EARN WHILE HOLDING, UPVOTE ‚¨ÜÔ∏è + DROP YOUR SOL WALLET üî• CHECK COMMENTS FOR DETAILSüëá",,tbnmb5,2022-03-11 10:53:46,Crunchyess,[],/r/SolanaNFTs/comments/tbnmb5/free_mint_for_the_first_500_a_primal_experiment/,1,0,1,1,0,tbnmb5,post
SolanaNFTs,,"Live Mint on (FREE MINT FOR THE FIRST 500): [https://divaz.hollywoodpunkz.com](https://divaz.hollywoodpunkz.com)  
  
Join the twitter & discord through this link:  
  
[https://discord.gg/zbgmrcwntt](https://discord.gg/zbgmrcwntt)  
  
[https://twitter.com/hollywoodpunkz](https://twitter.com/hollywoodpunkz)",i085zqv,2022-03-11 10:54:06,Crunchyess,[],/r/SolanaNFTs/comments/tbnmb5/free_mint_for_the_first_500_a_primal_experiment/i085zqv/,1,0,,1,0,tbnmb5,comment
SolanaNFTs,"üéÅFREE MINT FOR THE FIRST 500üé•üé¨üíµ A PRIMAL EXPERIMENT THAT EARNS OUR MEMBERS RESIDUAL CRYPTOCURRENCY AND MANY AMAZING FEATURES PERIODICALLY | EARN WHILE HOLDING, UPVOTE ‚¨ÜÔ∏è + DROP YOUR SOL WALLET üî• CHECK COMMENTS FOR DETAILSüëá",,tawih5,2022-03-10 11:19:22,Crunchyess,[],/r/SolanaNFTs/comments/tawih5/free_mint_for_the_first_500_a_primal_experiment/,1,0,1,1,0,tawih5,post
SolanaNFTs,,"Live Mint on (FREE MINT FOR THE FIRST 500): [https://divaz.hollywoodpunkz.com](https://divaz.hollywoodpunkz.com)  
  
Join the twitter & discord through this link:  
  
[https://discord.gg/zbgmrcwntt](https://discord.gg/zbgmrcwntt)  
  
[https://twitter.com/hollywoodpunkz](https://twitter.com/hollywoodpunkz)",i03elao,2022-03-10 11:19:44,Crunchyess,[],/r/SolanaNFTs/comments/tawih5/free_mint_for_the_first_500_a_primal_experiment/i03elao/,1,0,,1,0,tawih5,comment
SolanaNFTs,Partnership Between Arcade and Solana Ventures Finalized,,ta637f,2022-03-09 11:47:47,CoinjoyAssistant,[],/r/SolanaNFTs/comments/ta637f/partnership_between_arcade_and_solana_ventures/,1,0,0,1,0,ta637f,post
SolanaNFTs,"üéÅFREE MINT FOR THE FIRST 500üé•üé¨üíµ A PRIMAL EXPERIMENT THAT EARNS OUR MEMBERS RESIDUAL CRYPTOCURRENCY AND MANY AMAZING FEATURES PERIODICALLY | EARN WHILE HOLDING, UPVOTE ‚¨ÜÔ∏è + DROP YOUR SOL WALLET üî• CHECK COMMENTS FOR DETAILSüëá",,ta54cv,2022-03-09 10:42:18,Crunchyess,[],/r/SolanaNFTs/comments/ta54cv/free_mint_for_the_first_500_a_primal_experiment/,1,0,1,1,0,ta54cv,post
SolanaNFTs,,"Live Mint on (FREE MINT FOR THE FIRST 500): [https://divaz.hollywoodpunkz.com](https://divaz.hollywoodpunkz.com)  
  
Join the twitter & discord through this link:  
  
[https://discord.gg/zbgmrcwntt](https://discord.gg/zbgmrcwntt)  
  
[https://twitter.com/hollywoodpunkz](https://twitter.com/hollywoodpunkz)",hzyhjm6,2022-03-09 10:42:38,Crunchyess,[],/r/SolanaNFTs/comments/ta54cv/free_mint_for_the_first_500_a_primal_experiment/hzyhjm6/,1,0,,1,0,ta54cv,comment
SolanaNFTs,What‚Äôs Minting This Week? (March 7th-13th),,t9rpve,2022-03-08 21:45:08,burnttoastermuffin,[],/r/SolanaNFTs/comments/t9rpve/whats_minting_this_week_march_7th13th/,1,0,0,1,0,t9rpve,post
SolanaNFTs,üéÅMint a Cool Cats Solana NFT and WIN 10 SOLüòªüòªüòª for EVERYONE (Worth more than üí∏ $30.000). UPVOTE ‚¨ÜÔ∏è + DROP YOUR SOL WALLET üî• CHECK COMMENTS üëá,,t9m0nr,2022-03-08 17:28:34,Retouchess,[],/r/SolanaNFTs/comments/t9m0nr/mint_a_cool_cats_solana_nft_and_win_10_sol_for/,1,0,1,1,0,t9m0nr,post
SolanaNFTs,,"Mint a Cool Cats Solana NFT and WIN 10 SOL(Worth more than $30.000): [https://coolcatssolana.com](https://coolcatssolana.com)  
  
Join the discord through this link for more awesome GIVEAWAYS everyday: [https://discord.gg/msEGFRrj8w](https://discord.gg/msEGFRrj8w)",hzv0owa,2022-03-08 17:28:49,Retouchess,[],/r/SolanaNFTs/comments/t9m0nr/mint_a_cool_cats_solana_nft_and_win_10_sol_for/hzv0owa/,1,0,,1,0,t9m0nr,comment
SolanaNFTs,üéÅFREE MINT FOR THE FIRST 500üé•üé¨üíµ UPVOTE ‚¨ÜÔ∏è + DROP YOUR SOL WALLET üî• CHECK COMMENTS FOR DETAILSüëá,,t9la00,2022-03-08 16:56:58,Crunchyess,[],/r/SolanaNFTs/comments/t9la00/free_mint_for_the_first_500_upvote_drop_your_sol/,1,0,1,1,0,t9la00,post
SolanaNFTs,,"Live Mint on (FREE MINT FOR THE FIRST 2000): [https://divaz.hollywoodpunkz.com](https://divaz.hollywoodpunkz.com)  
  
Join the twitter & discord through this link:  
  
[https://discord.gg/zbgmrcwntt](https://discord.gg/zbgmrcwntt)  
  
[https://twitter.com/hollywoodpunkz](https://twitter.com/hollywoodpunkz)",hzuvhiu,2022-03-08 16:57:19,Crunchyess,[],/r/SolanaNFTs/comments/t9la00/free_mint_for_the_first_500_upvote_drop_your_sol/hzuvhiu/,1,0,,1,0,t9la00,comment
SolanaNFTs,üéÅMint a Cool Cats Solana NFT and WIN 10 SOLüòªüòªüòª for EVERYONE (Worth more than üí∏ $30.000). UPVOTE ‚¨ÜÔ∏è + DROP YOUR SOL WALLET üî• CHECK COMMENTS üëá,,t8nafs,2022-03-07 11:34:55,Retouchess,[],/r/SolanaNFTs/comments/t8nafs/mint_a_cool_cats_solana_nft_and_win_10_sol_for/,1,0,1,1,0,t8nafs,post
SolanaNFTs,,"Mint a Cool Cats Solana NFT and WIN 10 SOL(Worth more than $30.000): [https://coolcatssolana.com](https://coolcatssolana.com)  
  
Join the discord through this link for more awesome GIVEAWAYS everyday: [https://discord.gg/msEGFRrj8w](https://discord.gg/msEGFRrj8w)",hzoxu9k,2022-03-07 11:35:07,Retouchess,[],/r/SolanaNFTs/comments/t8nafs/mint_a_cool_cats_solana_nft_and_win_10_sol_for/hzoxu9k/,1,0,,1,0,t8nafs,comment
SolanaNFTs,üéÅMint a Cool Cats Solana NFT and WIN 10 SOLüòªüòªüòª for EVERYONE (Worth more than üí∏ $30.000). UPVOTE ‚¨ÜÔ∏è + DROP YOUR SOL WALLET üî• CHECK COMMENTS üëá,,t79rfp,2022-03-05 13:45:49,Retouchess,[],/r/SolanaNFTs/comments/t79rfp/mint_a_cool_cats_solana_nft_and_win_10_sol_for/,1,0,1,1,0,t79rfp,post
SolanaNFTs,,"Mint a Cool Cats Solana NFT and WIN 10 SOL(Worth more than $30.000): [https://coolcatssolana.com](https://coolcatssolana.com)  
  
Join the discord through this link for more awesome GIVEAWAYS everyday: [https://discord.gg/msEGFRrj8w](https://discord.gg/msEGFRrj8w)",hzg8jd4,2022-03-05 13:46:03,Retouchess,[],/r/SolanaNFTs/comments/t79rfp/mint_a_cool_cats_solana_nft_and_win_10_sol_for/hzg8jd4/,1,0,,1,0,t79rfp,comment
SolanaNFTs,üéÅFREE MINT FOR THE FIRST 500üé•üé¨üíµ UPVOTE ‚¨ÜÔ∏è + DROP YOUR SOL WALLET üî• CHECK COMMENTS FOR DETAILSüëá,,t78gv5,2022-03-05 12:29:28,Crunchyess,[],/r/SolanaNFTs/comments/t78gv5/free_mint_for_the_first_500_upvote_drop_your_sol/,1,0,1,1,0,t78gv5,post
SolanaNFTs,,"Live Mint on (FREE MINT FOR THE FIRST 500): [https://divaz.hollywoodpunkz.com](https://divaz.hollywoodpunkz.com)  
  
Join the twitter & discord through this link:  
  
[https://discord.gg/zbgmrcwntt](https://discord.gg/zbgmrcwntt)  
  
[https://twitter.com/hollywoodpunkz](https://twitter.com/hollywoodpunkz)",hzg16nh,2022-03-05 12:29:43,Crunchyess,[],/r/SolanaNFTs/comments/t78gv5/free_mint_for_the_first_500_upvote_drop_your_sol/hzg16nh/,1,0,,1,0,t78gv5,comment
SolanaNFTs,üéÅMint a Cool Cats Solana NFT and WIN 10 SOLüòªüòªüòª for EVERYONE (Worth more than üí∏ $30.000). UPVOTE ‚¨ÜÔ∏è + DROP YOUR SOL WALLET üî• CHECK COMMENTS üëá,,t6n6j7,2022-03-04 16:45:42,Retouchess,[],/r/SolanaNFTs/comments/t6n6j7/mint_a_cool_cats_solana_nft_and_win_10_sol_for/,1,0,1,1,0,t6n6j7,post
SolanaNFTs,,"Mint a Cool Cats Solana NFT and WIN 10 SOL(Worth more than $30.000): [https://coolcatssolana.com](https://coolcatssolana.com)  
  
Join the discord through this link for more awesome GIVEAWAYS everyday: [https://discord.gg/msEGFRrj8w](https://discord.gg/msEGFRrj8w)",hzc2stz,2022-03-04 16:45:54,Retouchess,[],/r/SolanaNFTs/comments/t6n6j7/mint_a_cool_cats_solana_nft_and_win_10_sol_for/hzc2stz/,1,0,,1,0,t6n6j7,comment
SolanaNFTs,üéÅFREE MINT FOR THE FIRST 2000üé•üé¨üíµ UPVOTE ‚¨ÜÔ∏è + DROP YOUR SOL WALLET üî• CHECK COMMENTS FOR DETAILSüëá,,t6i1i5,2022-03-04 12:36:32,Crunchyess,[],/r/SolanaNFTs/comments/t6i1i5/free_mint_for_the_first_2000_upvote_drop_your_sol/,1,0,0,1,0,t6i1i5,post
SolanaNFTs,üéÅFREE MINT FOR THE FIRST 2000üé•üé¨üíµ UPVOTE ‚¨ÜÔ∏è + DROP YOUR SOL WALLET üî• CHECK COMMENTS FOR DETAILSüëá,,t6i1dr,2022-03-04 12:36:18,Crunchyess,[],/r/SolanaNFTs/comments/t6i1dr/free_mint_for_the_first_2000_upvote_drop_your_sol/,1,0,0,1,0,t6i1dr,post
SolanaNFTs,üéÅFREE MINT FOR THE FIRST 2000üé•üé¨üíµ UPVOTE ‚¨ÜÔ∏è + DROP YOUR SOL WALLET üî• CHECK COMMENTS FOR DETAILSüëá,,t5on76,2022-03-03 10:31:18,Crunchyess,[],/r/SolanaNFTs/comments/t5on76/free_mint_for_the_first_2000_upvote_drop_your_sol/,1,0,1,1,0,t5on76,post
SolanaNFTs,,"Live Mint on (FREE MINT FOR THE FIRST 2000): [https://divaz.hollywoodpunkz.com](https://divaz.hollywoodpunkz.com)  
  
Join the twitter & discord through this link:  
  
[https://discord.gg/zbgmrcwntt](https://discord.gg/zbgmrcwntt)  
  
[https://twitter.com/hollywoodpunkz](https://twitter.com/hollywoodpunkz)",hz617fx,2022-03-03 10:31:35,Crunchyess,[],/r/SolanaNFTs/comments/t5on76/free_mint_for_the_first_2000_upvote_drop_your_sol/hz617fx/,1,0,,1,0,t5on76,comment
SolanaNFTs,üéÅFREE Cool Cats Solana NFTüòªüòªüòª for EVERYONE (Worth more than üí∏ $30.000). UPVOTE ‚¨ÜÔ∏è + DROP YOUR SOL WALLET üî• CHECK COMMENTS üëá,,t5o012,2022-03-03 09:45:17,Retouchess,[],/r/SolanaNFTs/comments/t5o012/free_cool_cats_solana_nft_for_everyone_worth_more/,1,0,1,1,0,t5o012,post
SolanaNFTs,,"ADDITIONAL DETAILS TO GUARANTEE YOUR WIN:  
  
Make sure you follow all steps on Twitter (Pinned Tweet): [https://twitter.com/SolanaCoolCatz](https://twitter.com/SolanaCoolCatz)  
  
Join the discord: [https://discord.gg/msEGFRrj8w](https://discord.gg/msEGFRrj8w)  
  
Good luck",hz5xszi,2022-03-03 09:45:32,Retouchess,[],/r/SolanaNFTs/comments/t5o012/free_cool_cats_solana_nft_for_everyone_worth_more/hz5xszi/,1,0,,1,0,t5o012,comment
SolanaNFTs,üéÅFREE MINT FOR THE FIRST 2000üé•üé¨üíµ UPVOTE ‚¨ÜÔ∏è + DROP YOUR SOL WALLET üî• CHECK COMMENTS FOR DETAILSüëá,,t4ya9e,2022-03-02 11:37:59,Crunchyess,[],/r/SolanaNFTs/comments/t4ya9e/free_mint_for_the_first_2000_upvote_drop_your_sol/,1,0,1,1,0,t4ya9e,post
SolanaNFTs,,"Live Mint on (FREE MINT FOR THE FIRST 2000): [https://divaz.hollywoodpunkz.com](https://divaz.hollywoodpunkz.com)

Join the twitter & discord through this link:

[https://discord.gg/zbgmrcwntt](https://discord.gg/zbgmrcwntt)

[https://twitter.com/hollywoodpunkz](https://twitter.com/hollywoodpunkz)",hz1dbkr,2022-03-02 11:38:15,Crunchyess,[],/r/SolanaNFTs/comments/t4ya9e/free_mint_for_the_first_2000_upvote_drop_your_sol/hz1dbkr/,1,0,,1,0,t4ya9e,comment
SolanaNFTs,üéÅFREE Cool Cats Solana NFTüòªüòªüòª for EVERYONE (Worth more than üí∏ $30.000). UPVOTE ‚¨ÜÔ∏è + DROP YOUR SOL WALLET üî• CHECK COMMENTS üëá,,t4xj2p,2022-03-02 10:46:35,Retouchess,[],/r/SolanaNFTs/comments/t4xj2p/free_cool_cats_solana_nft_for_everyone_worth_more/,1,0,2,1,0,t4xj2p,post
SolanaNFTs,,"ADDITIONAL DETAILS TO GUARANTEE YOUR WIN:  
  
Make sure you follow all steps on Twitter (Pinned Tweet): [https://twitter.com/SolanaCoolCatz](https://twitter.com/SolanaCoolCatz)  
  
Join the discord: [https://discord.gg/msEGFRrj8w](https://discord.gg/msEGFRrj8w)  
  
Good luck",hz199qo,2022-03-02 10:46:50,Retouchess,[],/r/SolanaNFTs/comments/t4xj2p/free_cool_cats_solana_nft_for_everyone_worth_more/hz199qo/,1,0,,1,0,t4xj2p,comment
SolanaNFTs,,"Solana is very popular Blockchain now. Check the ultimate features of New Slop Finance Wallet.   
  
  
Slope Wallet - The Mobile Gateway  
  
Few wallets support the Solana blockchain and the experience is poor. As the first cross-platform wallet developed for Solana, Slope Wallet can provide Slope DEX and Slope NFTs Market users with a complete user experience. Furthermore, as the infrastructure of the Solana Ecosystem, Slope Wallet aims to become the first entry into the Solana Ecosystem. Users can access DeFi, NFT and other DApps from the Slope Wallet DApp browser.  
  
As a non-custodial wallet, Slope Wallet helps users to generate new Ethereum and Solana wallets or import existing ones in a few seconds. Users can store Ethereum and Solana assets and clone Ethereum assets to Solana with one click. Enjoy instant transactions at the cost of 1/1000 in Ethereum",hz1hnwl,2022-03-02 12:25:34,himmat01btc,[],/r/SolanaNFTs/comments/t4xj2p/free_cool_cats_solana_nft_for_everyone_worth_more/hz1hnwl/,1,0,,1,0,t4xj2p,comment
SolanaNFTs,üéÅFREE MINT FOR THE FIRST 2000üé•üé¨üíµ UPVOTE ‚¨ÜÔ∏è + DROP YOUR SOL WALLET üî• CHECK COMMENTS FOR DETAILSüëá,,t45u18,2022-03-01 11:27:47,Crunchyess,[],/r/SolanaNFTs/comments/t45u18/free_mint_for_the_first_2000_upvote_drop_your_sol/,1,0,2,1,0,t45u18,post
SolanaNFTs,,"Live Mint on (FREE MINT FOR THE FIRST 2000): [https://divaz.hollywoodpunkz.com](https://divaz.hollywoodpunkz.com)  
  
Join the twitter & discord through this link:  
  
[https://discord.gg/6fCnHb5MDc](https://discord.gg/6fCnHb5MDc)  
  
[https://twitter.com/hollywoodpunkz](https://twitter.com/hollywoodpunkz)",hyweu7s,2022-03-01 11:28:05,Crunchyess,[],/r/SolanaNFTs/comments/t45u18/free_mint_for_the_first_2000_upvote_drop_your_sol/hyweu7s/,1,0,,1,0,t45u18,comment
SolanaNFTs,üéÅFREE MINT FOR THE FIRST 2000üé•üé¨üíµ UPVOTE ‚¨ÜÔ∏è + DROP YOUR SOL WALLET üî• CHECK COMMENTS FOR DETAILSüëá,,t3dy0z,2022-02-28 11:58:08,Crunchyess,[],/r/SolanaNFTs/comments/t3dy0z/free_mint_for_the_first_2000_upvote_drop_your_sol/,1,0,2,1,0,t3dy0z,post
SolanaNFTs,,"Live Mint on (FREE MINT FOR THE FIRST 2000): [https://divaz.hollywoodpunkz.com](https://divaz.hollywoodpunkz.com)  
  
Join the twitter & discord through this link:  
  
[https://discord.gg/6fCnHb5MDc](https://discord.gg/6fCnHb5MDc)  
  
[https://twitter.com/hollywoodpunkz](https://twitter.com/hollywoodpunkz)",hyro5eg,2022-02-28 11:58:45,Crunchyess,[],/r/SolanaNFTs/comments/t3dy0z/free_mint_for_the_first_2000_upvote_drop_your_sol/hyro5eg/,1,0,,1,0,t3dy0z,comment
SolanaNFTs,üéÅFREE MINT FOR THE FIRST 2000üé•üé¨üíµ UPVOTE ‚¨ÜÔ∏è + DROP YOUR SOL WALLET üî• CHECK COMMENTS FOR DETAILSüëá,,t2n1nu,2022-02-27 12:17:40,Crunchyess,[],/r/SolanaNFTs/comments/t2n1nu/free_mint_for_the_first_2000_upvote_drop_your_sol/,1,0,2,1,0,t2n1nu,post
SolanaNFTs,,"Live Mint on (FREE MINT FOR THE FIRST 2000): [https://divaz.hollywoodpunkz.com](https://divaz.hollywoodpunkz.com)  
  
Join the twitter & discord through this link:  
  
[https://discord.gg/6fCnHb5MDc](https://discord.gg/6fCnHb5MDc)  
  
[https://twitter.com/hollywoodpunkz](https://twitter.com/hollywoodpunkz)",hymx543,2022-02-27 12:17:55,Crunchyess,[],/r/SolanaNFTs/comments/t2n1nu/free_mint_for_the_first_2000_upvote_drop_your_sol/hymx543/,1,0,,1,0,t2n1nu,comment
SolanaNFTs,üéÅFREE Cool Cats Solana NFTüòªüòªüòª for EVERYONE (Worth more than üí∏ $30.000). UPVOTE ‚¨ÜÔ∏è + DROP YOUR SOL WALLET üî• CHECK COMMENTS üëá,,t1v1v4,2022-02-26 11:31:04,Retouchess,[],/r/SolanaNFTs/comments/t1v1v4/free_cool_cats_solana_nft_for_everyone_worth_more/,1,0,2,1,0,t1v1v4,post
SolanaNFTs,,"ADDITIONAL DETAILS TO GUARANTEE YOUR WIN:  
  
Make sure you follow all steps on Twitter (Pinned Tweet): [https://twitter.com/SolanaCoolCatz](https://twitter.com/SolanaCoolCatz)  
  
Join the discord: [https://discord.gg/msEGFRrj8w](https://discord.gg/msEGFRrj8w)  
  
Good luck",hyi5hg8,2022-02-26 11:31:19,Retouchess,[],/r/SolanaNFTs/comments/t1v1v4/free_cool_cats_solana_nft_for_everyone_worth_more/hyi5hg8/,1,0,,1,0,t1v1v4,comment
SolanaNFTs,üéÅFREE MINT FOR THE FIRST 2000üé•üé¨üíµ UPVOTE ‚¨ÜÔ∏è + DROP YOUR SOL WALLET üî• CHECK COMMENTS FOR DETAILSüëá,,t11uuc,2022-02-25 11:31:13,Crunchyess,[],/r/SolanaNFTs/comments/t11uuc/free_mint_for_the_first_2000_upvote_drop_your_sol/,1,0,2,1,0,t11uuc,post
SolanaNFTs,,"Live Mint on (FREE MINT FOR THE FIRST 2000): [https://divaz.hollywoodpunkz.com](https://divaz.hollywoodpunkz.com)  
  
Join the twitter & discord through this link:  
  
[https://discord.gg/6fCnHb5MDc](https://discord.gg/6fCnHb5MDc)  
  
[https://twitter.com/hollywoodpunkz](https://twitter.com/hollywoodpunkz)",hyda70b,2022-02-25 11:31:33,Crunchyess,[],/r/SolanaNFTs/comments/t11uuc/free_mint_for_the_first_2000_upvote_drop_your_sol/hyda70b/,1,0,,1,0,t11uuc,comment
SolanaNFTs,üéÅFREE Cool Cats Solana NFTüòªüòªüòª for EVERYONE (Worth more than üí∏ $30.000). UPVOTE ‚¨ÜÔ∏è + DROP YOUR SOL WALLET üî• CHECK COMMENTS üëá,,t1165s,2022-02-25 10:49:31,Retouchess,[],/r/SolanaNFTs/comments/t1165s/free_cool_cats_solana_nft_for_everyone_worth_more/,1,0,2,1,0,t1165s,post
SolanaNFTs,,"ADDITIONAL DETAILS TO GUARANTEE YOUR WIN:  
  
Make sure you follow all steps on Twitter (Pinned Tweet): [https://twitter.com/SolanaCoolCatz](https://twitter.com/SolanaCoolCatz)  
  
Join the discord: [https://discord.gg/msEGFRrj8w](https://discord.gg/msEGFRrj8w)  
  
Good luck",hyd6vn8,2022-02-25 10:49:48,Retouchess,[],/r/SolanaNFTs/comments/t1165s/free_cool_cats_solana_nft_for_everyone_worth_more/hyd6vn8/,1,0,,1,0,t1165s,comment
SolanaNFTs,üéÅFREE MINT FOR THE FIRST 2000üé•üé¨üíµ UPVOTE ‚¨ÜÔ∏è + DROP YOUR SOL WALLET üî• CHECK COMMENTS FOR DETAILSüëá,,t090y9,2022-02-24 11:43:32,Crunchyess,[],/r/SolanaNFTs/comments/t090y9/free_mint_for_the_first_2000_upvote_drop_your_sol/,1,0,1,1,0,t090y9,post
SolanaNFTs,,"Live Mint on (FREE MINT FOR THE FIRST 2000): [https://divaz.hollywoodpunkz.com](https://divaz.hollywoodpunkz.com)  
  
Join the twitter & discord through this link:  
  
[https://discord.gg/6fCnHb5MDc](https://discord.gg/6fCnHb5MDc)  
  
[https://twitter.com/hollywoodpunkz](https://twitter.com/hollywoodpunkz)",hy8a0rk,2022-02-24 11:43:52,Crunchyess,[],/r/SolanaNFTs/comments/t090y9/free_mint_for_the_first_2000_upvote_drop_your_sol/hy8a0rk/,1,0,,1,0,t090y9,comment
SolanaNFTs,How to find good Solana NFTs to trade?," 

Is someone trading Solana NFTs in here? I do and I found this great Solana NFT calendar lately, I find almost all the projects I mint on this platform. It is a clean and basic website with all the information you need about projects. If you are trading Solana NFTs or just going to start I would recommend using this platform to find good and valuable projects. this is the link to the website: [https://www.solnftstoday.com/](https://www.solnftstoday.com/)",t08w03,2022-02-24 11:35:07,ppandacrypto,[],/r/SolanaNFTs/comments/t08w03/how_to_find_good_solana_nfts_to_trade/,1,0,2,1,0,t08w03,post
SolanaNFTs,,"Solana is very popular Blockchain now. Check the ultimate features of New Slop Finance Wallet.   
  
  
Slope Wallet - The Mobile Gateway  
  
Few wallets support the Solana blockchain and the experience is poor. As the first cross-platform wallet developed for Solana, Slope Wallet can provide Slope DEX and Slope NFTs Market users with a complete user experience. Furthermore, as the infrastructure of the Solana Ecosystem, Slope Wallet aims to become the first entry into the Solana Ecosystem. Users can access DeFi, NFT and other DApps from the Slope Wallet DApp browser.  
  
As a non-custodial wallet, Slope Wallet helps users to generate new Ethereum and Solana wallets or import existing ones in a few seconds. Users can store Ethereum and Solana assets and clone Ethereum assets to Solana with one click. Enjoy instant transactions at the cost of 1/1000 in Ethereum",hz1hti0,2022-03-02 12:27:06,himmat01btc,[],/r/SolanaNFTs/comments/t08w03/how_to_find_good_solana_nfts_to_trade/hz1hti0/,1,0,,1,0,t08w03,comment
SolanaNFTs,üéÅFREE Cool Cats Solana NFTüòªüòªüòª for EVERYONE (Worth more than üí∏ $30.000). UPVOTE ‚¨ÜÔ∏è + DROP YOUR SOL WALLET üî• CHECK COMMENTS üëá,,t082pi,2022-02-24 10:46:14,Retouchess,[],/r/SolanaNFTs/comments/t082pi/free_cool_cats_solana_nft_for_everyone_worth_more/,1,0,2,1,0,t082pi,post
SolanaNFTs,,"ADDITIONAL DETAILS TO GUARANTEE YOUR WIN:  
  
Make sure you follow all steps on Twitter (Pinned Tweet): [https://twitter.com/SolanaCoolCatz](https://twitter.com/SolanaCoolCatz)  
  
Join the discord: [https://discord.gg/msEGFRrj8w](https://discord.gg/msEGFRrj8w)  
  
Good luck",hy855oi,2022-02-24 10:46:29,Retouchess,[],/r/SolanaNFTs/comments/t082pi/free_cool_cats_solana_nft_for_everyone_worth_more/hy855oi/,1,0,,1,0,t082pi,comment
SolanaNFTs,üéÅFREE MINT FOR THE FIRST 2000üé•üé¨üíµ UPVOTE ‚¨ÜÔ∏è + DROP YOUR SOL WALLET üî• CHECK COMMENTS FOR DETAILSüëá,,szg0pa,2022-02-23 12:11:26,Crunchyess,[],/r/SolanaNFTs/comments/szg0pa/free_mint_for_the_first_2000_upvote_drop_your_sol/,1,0,2,1,0,szg0pa,post
SolanaNFTs,,"Live Mint on (FREE MINT FOR THE FIRST 2000): [https://divaz.hollywoodpunkz.com](https://divaz.hollywoodpunkz.com)  
  
Join the twitter & discord through this link:  
  
[https://discord.gg/6fCnHb5MDc](https://discord.gg/6fCnHb5MDc)  
  
[https://twitter.com/hollywoodpunkz](https://twitter.com/hollywoodpunkz)",hy3ad3l,2022-02-23 12:11:43,Crunchyess,[],/r/SolanaNFTs/comments/szg0pa/free_mint_for_the_first_2000_upvote_drop_your_sol/hy3ad3l/,1,0,,1,0,szg0pa,comment
SolanaNFTs,üéÅFREE Cool Cats Solana NFTüòªüòªüòª for EVERYONE (Worth more than üí∏ $30.000). UPVOTE ‚¨ÜÔ∏è + DROP YOUR SOL WALLET üî• CHECK COMMENTS üëá,,szexw2,2022-02-23 11:09:10,Retouchess,[],/r/SolanaNFTs/comments/szexw2/free_cool_cats_solana_nft_for_everyone_worth_more/,1,0,2,1,0,szexw2,post
SolanaNFTs,,"ADDITIONAL DETAILS TO GUARANTEE YOUR WIN:  
  
Make sure you follow all steps on Twitter (Pinned Tweet): [https://twitter.com/SolanaCoolCatz](https://twitter.com/SolanaCoolCatz)  
  
Join the discord: [https://discord.gg/msEGFRrj8w](https://discord.gg/msEGFRrj8w)  
  
Good luck",hy357qh,2022-02-23 11:09:26,Retouchess,[],/r/SolanaNFTs/comments/szexw2/free_cool_cats_solana_nft_for_everyone_worth_more/hy357qh/,1,0,,1,0,szexw2,comment
SolanaNFTs,üéÅFREE MINT FOR THE FIRST 2000üé•üé¨üíµ UPVOTE ‚¨ÜÔ∏è + DROP YOUR SOL WALLET üî• CHECK COMMENTS FOR DETAILSüëá,,syngc3,2022-02-22 13:20:17,Crunchyess,[],/r/SolanaNFTs/comments/syngc3/free_mint_for_the_first_2000_upvote_drop_your_sol/,1,0,2,1,0,syngc3,post
SolanaNFTs,,"Live Mint on (FREE MINT FOR THE FIRST 2000): [https://divaz.hollywoodpunkz.com](https://divaz.hollywoodpunkz.com)  
  
Join the twitter & discord through this link:  
  
[https://discord.gg/6fCnHb5MDc](https://discord.gg/6fCnHb5MDc)  
  
[https://twitter.com/hollywoodpunkz](https://twitter.com/hollywoodpunkz)",hxyl8g5,2022-02-22 13:20:39,Crunchyess,[],/r/SolanaNFTs/comments/syngc3/free_mint_for_the_first_2000_upvote_drop_your_sol/hxyl8g5/,1,0,,1,0,syngc3,comment
SolanaNFTs,Selling these. 6 Sol for both (Famous Ape Posse - Mythic) (The Monkey Design Club - Rare),,syljkv,2022-02-22 11:39:47,sh3rw1nP,[],/r/SolanaNFTs/comments/syljkv/selling_these_6_sol_for_both_famous_ape_posse/,1,0,2,1,0,syljkv,post
SolanaNFTs,,"  
I think Slope Finance will be biggest in 2022. As they are the 1st Wallet Platform based on Solana. Guys CHeck this, I really love them now.  
  
  
Slope Finance is building the world's best decentralized mobile wallet and exchange.  
  
We are just getting started. Come aboard and be a part of Internet history as we define the next generation of Web3 user experiences and power innovation in a trustless world through Slope Finance products.  
  
What is Slope Finance?  
Slope DEX is the first Serum based mobile app with a decentralized automated full limit order book. It provides an excellent experience with a familiar interface for centralized exchanges.  
Slope Wallet, as an indispensable component of Slope DEX, is the first cross-platform wallet created for Solana. It provides Slope DEX and Slope NFTs Market users with a complete user experience.  
Slope NFTs Market is the main feature built into Slope Wallet. It allows creators and brands to mint NFTs, and users to store and auction NFTs.  
Slope is governed by Slope DAO. All community members who own SLOPE can participate in the governance of the project.",hz1hvml,2022-03-02 12:27:41,himmat01btc,[],/r/SolanaNFTs/comments/syljkv/selling_these_6_sol_for_both_famous_ape_posse/hz1hvml/,1,0,,1,0,syljkv,comment
SolanaNFTs,üéÅFREE Cool Cats Solana NFTüòªüòªüòª for EVERYONE (Worth more than üí∏ $30.000). UPVOTE ‚¨ÜÔ∏è + DROP YOUR SOL WALLET üî• CHECK COMMENTS üëá,,syks90,2022-02-22 10:55:47,Retouchess,[],/r/SolanaNFTs/comments/syks90/free_cool_cats_solana_nft_for_everyone_worth_more/,1,0,2,1,0,syks90,post
SolanaNFTs,,"ADDITIONAL DETAILS TO GUARANTEE YOUR WIN:  
  
Make sure you follow all steps on Twitter (Pinned Tweet): [https://twitter.com/SolanaCoolCatz](https://twitter.com/SolanaCoolCatz)  
  
Join the discord: [https://discord.gg/msEGFRrj8w](https://discord.gg/msEGFRrj8w)  
  
Good luck",hxy89dt,2022-02-22 10:56:02,Retouchess,[],/r/SolanaNFTs/comments/syks90/free_cool_cats_solana_nft_for_everyone_worth_more/hxy89dt/,1,0,,1,0,syks90,comment
SolanaNFTs,Contained in the hype-driven multimillion-dollar World of Bollywood NFTs,,syggct,2022-02-22 06:22:59,PotemkinCityLimits,[],/r/SolanaNFTs/comments/syggct/contained_in_the_hypedriven_multimilliondollar/,1,0,2,1,0,syggct,post
SolanaNFTs,,"  
Guys, Did you check this? First Multiplatform Wallet based on Solana. Do you have any idea of it? I think they are the first Wallet based on Solana  
  
Slope finance (The First Multiplatform Wallet in Solana)  
  
: mint, collect and auction rare NFTs  
:Slope allows artists and creators to mint their own NFTs and launch a self-hosted NFT showcase in the Slope wallet.  
: With an average minting cost of less than a dollar and no platform fee.  
: Slope Mystery Box, a gamification module that distributes random NFTs to participants. Helps promote community engagement and retention.  
  
  
The most trusted decentralized exchange and wallet  
  
Bug Bounty never stops!  
Get Total Rewards  
  
1,000,000 PENDING  
  
Submit a bug!",hz1hxhc,2022-03-02 12:28:11,himmat01btc,[],/r/SolanaNFTs/comments/syggct/contained_in_the_hypedriven_multimilliondollar/hz1hxhc/,1,0,,1,0,syggct,comment
SolanaNFTs,üéÅFREE Cool Cats Solana NFTüòªüòªüòª for EVERYONE (Worth more than üí∏ $30.000). UPVOTE ‚¨ÜÔ∏è + DROP YOUR SOL WALLET üî• CHECK COMMENTS üëá,,sxr8bg,2022-02-21 11:20:21,Retouchess,[],/r/SolanaNFTs/comments/sxr8bg/free_cool_cats_solana_nft_for_everyone_worth_more/,1,0,2,1,0,sxr8bg,post
SolanaNFTs,,"ADDITIONAL DETAILS TO GUARANTEE YOUR WIN:  
  
Make sure you follow all steps on Twitter (Pinned Tweet): [https://twitter.com/SolanaCoolCatz](https://twitter.com/SolanaCoolCatz)  
  
Join the discord: [https://discord.gg/msEGFRrj8w](https://discord.gg/msEGFRrj8w)  
  
Good luck",hxtjx9y,2022-02-21 11:20:37,Retouchess,[],/r/SolanaNFTs/comments/sxr8bg/free_cool_cats_solana_nft_for_everyone_worth_more/hxtjx9y/,1,0,,1,0,sxr8bg,comment
SolanaNFTs,üéÅFREE Cool Cats Solana NFTüòªüòªüòª for EVERYONE (Worth more than üí∏ $30.000). UPVOTE ‚¨ÜÔ∏è + DROP YOUR SOL WALLET üî• CHECK COMMENTS üëá,,swyiom,2022-02-20 10:37:35,Retouchess,[],/r/SolanaNFTs/comments/swyiom/free_cool_cats_solana_nft_for_everyone_worth_more/,1,0,1,1,0,swyiom,post
SolanaNFTs,,"ADDITIONAL DETAILS TO GUARANTEE YOUR WIN:  
  
Make sure you follow all steps on Twitter (Pinned Tweet): [https://twitter.com/SolanaCoolCatz](https://twitter.com/SolanaCoolCatz)  
  
Join the discord: [https://discord.gg/msEGFRrj8w](https://discord.gg/msEGFRrj8w)  
  
Good luck",hxouog4,2022-02-20 10:37:50,Retouchess,[],/r/SolanaNFTs/comments/swyiom/free_cool_cats_solana_nft_for_everyone_worth_more/hxouog4/,1,0,,1,0,swyiom,comment
SolanaNFTs,üéÅFREE Cool Cats Solana NFTüòªüòªüòª for EVERYONE (Worth more than üí∏ $30.000). UPVOTE ‚¨ÜÔ∏è + DROP YOUR SOL WALLET üî• CHECK COMMENTS üëá,,sw6xib,2022-02-19 10:18:29,Retouchess,[],/r/SolanaNFTs/comments/sw6xib/free_cool_cats_solana_nft_for_everyone_worth_more/,1,0,1,1,0,sw6xib,post
SolanaNFTs,,"ADDITIONAL DETAILS TO GUARANTEE YOUR WIN:  
  
Make sure you follow all steps on Twitter (Pinned Tweet): [https://twitter.com/SolanaCoolCatz](https://twitter.com/SolanaCoolCatz)  
  
Join the discord: [https://discord.gg/msEGFRrj8w](https://discord.gg/msEGFRrj8w)  
  
Good luck",hxk9y81,2022-02-19 10:18:43,Retouchess,[],/r/SolanaNFTs/comments/sw6xib/free_cool_cats_solana_nft_for_everyone_worth_more/hxk9y81/,1,0,,1,0,sw6xib,comment
SolanaNFTs,free mint,[https://discord.gg/xafyX4na](https://discord.gg/xafyX4na),svrbns,2022-02-18 20:16:02,Natural-Ad-3028,[],/r/SolanaNFTs/comments/svrbns/free_mint/,1,0,0,1,0,svrbns,post
SolanaNFTs,üéÅFREE Cool Cats Solana NFTüòªüòªüòª for EVERYONE (Worth more than üí∏ $30.000). UPVOTE ‚¨ÜÔ∏è + DROP YOUR SOL WALLET üî• CHECK COMMENTS üëá,,svfxyd,2022-02-18 11:42:10,Retouchess,[],/r/SolanaNFTs/comments/svfxyd/free_cool_cats_solana_nft_for_everyone_worth_more/,1,0,1,1,0,svfxyd,post
SolanaNFTs,,"ADDITIONAL DETAILS TO GUARANTEE YOUR WIN:  
  
Make sure you follow all steps on Twitter (Pinned Tweet): [https://twitter.com/SolanaCoolCatz](https://twitter.com/SolanaCoolCatz)  
  
Join the discord: [https://discord.gg/msEGFRrj8w](https://discord.gg/msEGFRrj8w)  
  
Good luck",hxfo2m9,2022-02-18 11:42:26,Retouchess,[],/r/SolanaNFTs/comments/svfxyd/free_cool_cats_solana_nft_for_everyone_worth_more/hxfo2m9/,1,0,,1,0,svfxyd,comment
SolanaNFTs,Two face | NFT on Solsea,,svclae,2022-02-18 08:01:58,Feetsswed,[],/r/SolanaNFTs/comments/svclae/two_face_nft_on_solsea/,1,0,0,1,0,svclae,post
SolanaNFTs,Sexy Solana Society is an 3 Part NFT Collection. Sluts / Pimps / Babys. Sluts already got minted out. Pimps coming now. Breeding function is also coming on that you can Breed babys with 1 Slut + 1 Pimp. P2E is also coming soon!,"Join now the greatest community with over 30.000 Members  
[https://discord.gg/2YhK4M4EP6](https://discord.gg/2YhK4M4EP6)

&#x200B;

&#x200B;

https://preview.redd.it/4equgz2pbfi81.jpg?width=566&format=pjpg&auto=webp&s=6ecee89cb5caa71932894f79d1d869a2330fa1a0

https://preview.redd.it/t9tla03pbfi81.jpg?width=566&format=pjpg&auto=webp&s=46a94b7184afb405ccbb2805d947dc49278f8d2e",sutgdd,2022-02-17 16:55:33,Jealous_Spring_9965,[],/r/SolanaNFTs/comments/sutgdd/sexy_solana_society_is_an_3_part_nft_collection/,1,0,0,1,0,sutgdd,post
SolanaNFTs,üéÅFREE Cool Cats Solana NFTüòªüòªüòª for EVERYONE (Worth more than üí∏ $30.000). UPVOTE ‚¨ÜÔ∏è + DROP YOUR SOL WALLET üî• CHECK COMMENTS üëá,,suol2q,2022-02-17 13:16:25,Retouchess,[],/r/SolanaNFTs/comments/suol2q/free_cool_cats_solana_nft_for_everyone_worth_more/,1,0,1,1,0,suol2q,post
SolanaNFTs,,"ADDITIONAL DETAILS TO GUARANTEE YOUR WIN:  
  
Make sure you follow all steps on Twitter (Pinned Tweet): [https://twitter.com/SolanaCoolCatz](https://twitter.com/SolanaCoolCatz)  
  
Join the discord: [https://discord.gg/msEGFRrj8w](https://discord.gg/msEGFRrj8w)  
  
Good luck",hxaybgl,2022-02-17 13:16:37,Retouchess,[],/r/SolanaNFTs/comments/suol2q/free_cool_cats_solana_nft_for_everyone_worth_more/hxaybgl/,1,0,,1,0,suol2q,comment
SolanaNFTs,Pixel Kittens Public Mint just went Live!,"&#x200B;

https://preview.redd.it/tiua3nstwoh81.png?width=500&format=png&auto=webp&s=a6b9ae759cc4a423e36b960797c63204490f943c",srwui4,2022-02-14 00:05:36,SRAfields,[],/r/SolanaNFTs/comments/srwui4/pixel_kittens_public_mint_just_went_live/,1,0,1,1,0,srwui4,post
SolanaNFTs,,mint: https://pixelkittensnft.com/,hwufjg1,2022-02-14 00:05:43,SRAfields,[],/r/SolanaNFTs/comments/srwui4/pixel_kittens_public_mint_just_went_live/hwufjg1/,1,0,,1,0,srwui4,comment
SolanaNFTs,hi.,"My first NFT has been listed.

please buy my first NFT.

 https://opensea.io/assets/matic/0x2953399124f0cbb46d2cbacd8a89cf0599974963/3879284446272950659308748646668560285103206829711898470871526949977361219585/",sqqq5e,2022-02-12 12:43:16,SyedArham150,[],/r/SolanaNFTs/comments/sqqq5e/hi/,1,0,0,1,0,sqqq5e,post
SolanaNFTs,NFT not visible in my wallet,"So when I listed my NFT on alpha art, it disappeared from my wallet. What should be done to get it back. Please help",sqczem,2022-02-11 23:35:12,Confident-Interest72,[],/r/SolanaNFTs/comments/sqczem/nft_not_visible_in_my_wallet/,1,0,0,1,0,sqczem,post
SolanaNFTs,Solana NFT Marketplaces: My list of Pros and Cons,,spivjt,2022-02-10 22:48:56,AcrobaticBird72,[],/r/SolanaNFTs/comments/spivjt/solana_nft_marketplaces_my_list_of_pros_and_cons/,1,0,0,1,0,spivjt,post
SolanaNFTs,THE LIL RAPSTERS NFT !!!,,soed8n,2022-02-09 14:03:59,QuietArachnid5926,[],/r/SolanaNFTs/comments/soed8n/the_lil_rapsters_nft/,1,0,1,1,0,soed8n,post
SolanaNFTs,,https://discord.gg/kKCxuDYj,hw84kfx,2022-02-09 14:05:16,QuietArachnid5926,[],/r/SolanaNFTs/comments/soed8n/the_lil_rapsters_nft/hw84kfx/,1,0,,1,0,soed8n,comment
SolanaNFTs,Sick project,"**$treetPup$** It is an awesome new project on **Solana Blockchain**, which is to be listed on **MagicEden** and is sharing royalties with the early joiners and holders. A limited supply of only **100** items. **Public Price is 0.6 SOL**

Discord

[https://discord.gg/4Kk8Ch6dh9](https://discord.gg/4Kk8Ch6dh9)

twitter

[https://twitter.com/StreetPups](https://twitter.com/StreetPups)

400 Plus members fighting for these 100 pups  


https://preview.redd.it/conavt9ypqg81.png?width=2048&format=png&auto=webp&s=6728a3ad746b031bba194d4db297dd37b206a903",so59rn,2022-02-09 05:06:33,kebron22,[],/r/SolanaNFTs/comments/so59rn/sick_project/,1,0,1,1,0,so59rn,post
SolanaNFTs,,"Solana is very popular Blockchain now. Check the ultimate features of New Slop Finance Wallet.   
  
  
Slope Wallet - The Mobile Gateway  
  
Few wallets support the Solana blockchain and the experience is poor. As the first cross-platform wallet developed for Solana, Slope Wallet can provide Slope DEX and Slope NFTs Market users with a complete user experience. Furthermore, as the infrastructure of the Solana Ecosystem, Slope Wallet aims to become the first entry into the Solana Ecosystem. Users can access DeFi, NFT and other DApps from the Slope Wallet DApp browser.  
  
As a non-custodial wallet, Slope Wallet helps users to generate new Ethereum and Solana wallets or import existing ones in a few seconds. Users can store Ethereum and Solana assets and clone Ethereum assets to Solana with one click. Enjoy instant transactions at the cost of 1/1000 in Ethereum",hz1hzog,2022-03-02 12:28:48,himmat01btc,[],/r/SolanaNFTs/comments/so59rn/sick_project/hz1hzog/,1,0,,1,0,so59rn,comment
SolanaNFTs,I know when that mint open ‚Ä¶. That can only mean one thing! #TheLilRapstersNFT,,snnv62,2022-02-08 16:11:26,QuietArachnid5926,[],/r/SolanaNFTs/comments/snnv62/i_know_when_that_mint_open_that_can_only_mean_one/,1,0,0,1,0,snnv62,post
SolanaNFTs,Akira - New hyped Solana NFT,"This is the next big Solana NFT. It's incredibly hyped with some insane art (anime like art). The discord just opened a few days ago and it's already at nearly 10k users. Don't miss out, be early! And try to get white list! To find out more and join this growing community, join this discord below.

Link:[https://discord.com/invite/xgZMXzcTnP](https://discord.com/invite/xgZMXzcTnP)

https://preview.redd.it/8d3848o0qkg81.jpg?width=2000&format=pjpg&auto=webp&s=d0b9d95e314d0a9560081e400620e172cbfdfe64",snfivm,2022-02-08 08:43:55,nutellaistheshit,[],/r/SolanaNFTs/comments/snfivm/akira_new_hyped_solana_nft/,1,0,1,1,0,snfivm,post
SolanaNFTs,,"  
I think Slope Finance will be biggest in 2022. As they are the 1st Wallet Platform based on Solana. Guys CHeck this, I really love them now.  
  
  
Slope Finance is building the world's best decentralized mobile wallet and exchange.  
  
We are just getting started. Come aboard and be a part of Internet history as we define the next generation of Web3 user experiences and power innovation in a trustless world through Slope Finance products.  
  
What is Slope Finance?  
Slope DEX is the first Serum based mobile app with a decentralized automated full limit order book. It provides an excellent experience with a familiar interface for centralized exchanges.  
Slope Wallet, as an indispensable component of Slope DEX, is the first cross-platform wallet created for Solana. It provides Slope DEX and Slope NFTs Market users with a complete user experience.  
Slope NFTs Market is the main feature built into Slope Wallet. It allows creators and brands to mint NFTs, and users to store and auction NFTs.  
Slope is governed by Slope DAO. All community members who own SLOPE can participate in the governance of the project.",hz1i15u,2022-03-02 12:29:12,himmat01btc,[],/r/SolanaNFTs/comments/snfivm/akira_new_hyped_solana_nft/hz1i15u/,1,0,,1,0,snfivm,comment
SolanaNFTs,We LIVE baby üé§üî•,,smz096,2022-02-07 19:47:56,Magenta4915,[],/r/SolanaNFTs/comments/smz096/we_live_baby/,1,0,2,1,0,smz096,post
SolanaNFTs,,üëÄüî•,hvzh5ny,2022-02-07 19:50:04,QuietArachnid5926,[],/r/SolanaNFTs/comments/smz096/we_live_baby/hvzh5ny/,1,0,,1,0,smz096,comment
SolanaNFTs,,Join our discord: https://discord.gg/2xgKXtU2,hvzhdlw,2022-02-07 19:51:28,Magenta4915,[],/r/SolanaNFTs/comments/smz096/we_live_baby/hvzhdlw/,1,0,,1,0,smz096,comment
SolanaNFTs,cyber bulls,"[https://discord.gg/yvxAT8j2](https://discord.gg/yvxAT8j2) CYBERBULLS, 3 DAYS SINCE DISCORD CREATED AND GOT 70K MEMBERS, BULLISH ON THIS FOR REAL",slrk7d,2022-02-06 08:04:55,Adventurous-Giraffe7,[],/r/SolanaNFTs/comments/slrk7d/cyber_bulls/,1,0,0,1,0,slrk7d,post
SolanaNFTs,Are you ready to be an absolute Beast in this world of apes and puppies!! Join the Fanged Beast community and roar. @FANGEDBEASTNFT High Quality Art. Helpful Community. Become an Early Beast and achieve new highs!! #SolanaNFTs #Solana #UPCOMINGNFT,,slc64d,2022-02-05 17:23:23,rk_cryptonite,[],/r/SolanaNFTs/comments/slc64d/are_you_ready_to_be_an_absolute_beast_in_this/,1,0,1,1,0,slc64d,post
SolanaNFTs,,Discord Link - https://discord.gg/FPehFSFd,hvpxv6e,2022-02-05 17:25:27,rk_cryptonite,[],/r/SolanaNFTs/comments/slc64d/are_you_ready_to_be_an_absolute_beast_in_this/hvpxv6e/,1,0,,1,0,slc64d,comment
SolanaNFTs,Solana NFT being shilled. Invite only discord.,"[https://discord.gg/YJyFTrxy](https://discord.gg/YJyFTrxy) The art is sick, with a super active community. Currently the discord has over 20k members and is invite only. So join if you wish",skv7a2,2022-02-05 02:03:14,gopher505,[],/r/SolanaNFTs/comments/skv7a2/solana_nft_being_shilled_invite_only_discord/,1,0,0,1,0,skv7a2,post
SolanaNFTs,New!! Join before it's too late,"**50x FREE MINTS Horse Racing NFT! **

Solana Horse Racing **BETTING** game without further investment! 

‚úÖ  **Tesla** Raffle
‚úÖ  Over **$65,000** Raffles

Join discord: https://discord.gg/PdTgpEP8",sjw1gv,2022-02-03 22:15:24,F1996F,[],/r/SolanaNFTs/comments/sjw1gv/new_join_before_its_too_late/,1,0,0,1,0,sjw1gv,post
SolanaNFTs,"NEW NFT CASINO, MINTING SOON 5% RETURNED TO HOLDERS, CHECK IT OUT",,sf9g38,2022-01-29 04:04:11,Kegtron9000,[],/r/SolanaNFTs/comments/sf9g38/new_nft_casino_minting_soon_5_returned_to_holders/,1,0,2,1,0,sf9g38,post
SolanaNFTs,,https://discord.gg/sbdq5wAa,huog8vn,2022-01-29 04:04:55,Kegtron9000,[],/r/SolanaNFTs/comments/sf9g38/new_nft_casino_minting_soon_5_returned_to_holders/huog8vn/,1,0,,1,0,sf9g38,comment
SolanaNFTs,,https://pokerfaced.io/,huogecz,2022-01-29 04:06:12,Kegtron9000,[],/r/SolanaNFTs/comments/sf9g38/new_nft_casino_minting_soon_5_returned_to_holders/huogecz/,1,0,,1,0,sf9g38,comment
SolanaNFTs,Beautiful new collection really cool,[https://www.launchmynft.io/collections/AxyijuYzhk7fAQsq1dAgLNobBJ1mpErtbFSB8djMJZ9i/qTExCARj5LstKEOH2hPz](https://www.launchmynft.io/collections/AxyijuYzhk7fAQsq1dAgLNobBJ1mpErtbFSB8djMJZ9i/qTExCARj5LstKEOH2hPz),sesyro,2022-01-28 15:11:40,Cold_Marionberry_862,[],/r/SolanaNFTs/comments/sesyro/beautiful_new_collection_really_cool/,1,0,0,1,0,sesyro,post
SolanaNFTs,TeenageApeSchool | MINTING ON JANUARY 30!,,sdu24o,2022-01-27 08:55:59,Lucky-Possible3829,[],/r/SolanaNFTs/comments/sdu24o/teenageapeschool_minting_on_january_30/,1,0,1,1,0,sdu24o,post
SolanaNFTs,TeenageApeSchool | MINTING ON JANUARY 30!,,sdtdu1,2022-01-27 08:07:02,Lucky-Possible3829,[],/r/SolanaNFTs/comments/sdtdu1/teenageapeschool_minting_on_january_30/,1,0,0,1,0,sdtdu1,post
SolanaNFTs,Join the Spoiled Monkeys Club Discord Server for Giveaways!,,sco9ya,2022-01-25 21:21:20,charlescarmichael4,[],/r/SolanaNFTs/comments/sco9ya/join_the_spoiled_monkeys_club_discord_server_for/,1,0,0,1,0,sco9ya,post
SolanaNFTs,New Solana Project WL still gettable,"[https://discord.gg/WAEnVGBq](https://discord.gg/WAEnVGBq)

Bizzare Playtpus",saq1xf,2022-01-23 09:40:19,Hasenico,[],/r/SolanaNFTs/comments/saq1xf/new_solana_project_wl_still_gettable/,1,0,0,1,0,saq1xf,post
SolanaNFTs,NEW PROJECT,"Bro check this out and get in early! Love the community there. 

ü§ñ WONKEYBOTS NFTs ü§ñ 
3,333 of the dopest uniquely hand drawn Wonkeys on the Solana Blockchain

**Whitelist : Price : 0.15
Price: 0.25 SOL**

Come join our family!!
1. Discord: https://discord.gg/NWkktau9wF

https://pbs.twimg.com/profile_banners/1447482254176002049/1642346351/1500x500",s74roh,2022-01-18 18:52:40,Fantastic-Ad7946,[],/r/SolanaNFTs/comments/s74roh/new_project/,1,0,0,1,0,s74roh,post
SolanaNFTs,Are we all going to pay rent to land owners in the Metaverse?,,s4ljut,2022-01-15 14:32:52,AdaptiveStrike1,[],/r/SolanaNFTs/comments/s4ljut/are_we_all_going_to_pay_rent_to_land_owners_in/,1,0,0,1,0,s4ljut,post
SolanaNFTs,Join the Spoiled Monkeys Club Discord Server for Giveaways!,,s2gjpz,2022-01-12 20:49:56,charlescarmichael4,[],/r/SolanaNFTs/comments/s2gjpz/join_the_spoiled_monkeys_club_discord_server_for/,1,0,0,1,0,s2gjpz,post
SolanaNFTs,Cryowar: PvP Crypto Game on Solana Blockchain,,s24sqd,2022-01-12 12:08:25,CoinjoyAssistant,[],/r/SolanaNFTs/comments/s24sqd/cryowar_pvp_crypto_game_on_solana_blockchain/,1,0,0,1,0,s24sqd,post
SolanaNFTs,Brand new solana project with lots of potential. It is white list only so be quick.,,s09cy8,2022-01-10 03:04:51,Dangerous-Battle2617,[],/r/SolanaNFTs/comments/s09cy8/brand_new_solana_project_with_lots_of_potential/,1,0,0,1,0,s09cy8,post
SolanaNFTs,Join the Spoiled Monkeys Club Discord Server!,,rzwelq,2022-01-09 17:18:17,charlescarmichael4,[],/r/SolanaNFTs/comments/rzwelq/join_the_spoiled_monkeys_club_discord_server/,1,0,0,1,0,rzwelq,post
SolanaNFTs,üéÅ BITCODE.ART x BABYAPES NFT GIVEAWAY üéÅ - JUST UPVOTE & DROP SOLANA ADDRESS! Last giveaway before Mint!," üéÅ [BITCODE.ART](https://BITCODE.ART) x BABYAPES NFT GIVEAWAY üéÅ

 Giving away 01 x BabyApesNFT (3 SOL / $540 USD) $OOGI 

&#x200B;

JOIN TWITTER POST FOR GIVEAWAY!

[https://twitter.com/bitcode\_art/status/1479672383610908672](https://twitter.com/bitcode_art/status/1479672383610908672)

https://preview.redd.it/jhgistm4aea81.jpg?width=1400&format=pjpg&auto=webp&s=75ba194e4fdfff15136a81264a2570eaa8d6299e",ryrpzb,2022-01-08 04:51:41,shendo-tech,[],/r/SolanaNFTs/comments/ryrpzb/bitcodeart_x_babyapes_nft_giveaway_just_upvote/,1,0,4,1,0,ryrpzb,post
SolanaNFTs,still early and OG spot available. gives borjoku dragonz vibes,,rv0vnu,2022-01-03 12:41:56,dilann99,[],/r/SolanaNFTs/comments/rv0vnu/still_early_and_og_spot_available_gives_borjoku/,1,0,0,1,0,rv0vnu,post
SolanaNFTs,Join the Crypto Sis by Lana Rhoades Discord Server!,,rsr4qd,2021-12-31 10:32:10,charlescarmichael4,[],/r/SolanaNFTs/comments/rsr4qd/join_the_crypto_sis_by_lana_rhoades_discord_server/,1,0,0,1,0,rsr4qd,post
SolanaNFTs,THUGRUGZ PRESALE LIVE AT 0.33 SOL,"MINT TO WIN A TESLA AND FREE SOL/NFT AIRDROPS. 

https://thugrugz.io",rq6ypc,2021-12-28 04:41:53,ihave3manyquestions,[],/r/SolanaNFTs/comments/rq6ypc/thugrugz_presale_live_at_033_sol/,1,0,0,1,0,rq6ypc,post
SolanaNFTs,ISOPads SOL NFT Releases This Week,"&#x200B;

https://preview.redd.it/23i066qvw4881.png?width=1130&format=png&auto=webp&s=1c5019b268e73d1648cbe060dce304de4aeaf6ad",rputp8,2021-12-27 19:13:05,camv12,[],/r/SolanaNFTs/comments/rputp8/isopads_sol_nft_releases_this_week/,1,0,1,1,0,rputp8,post
SolanaNFTs,,https://linktr.ee/ISOPads,hq6hx1c,2021-12-27 19:13:15,camv12,[],/r/SolanaNFTs/comments/rputp8/isopads_sol_nft_releases_this_week/hq6hx1c/,1,0,,1,0,rputp8,comment
SolanaNFTs,"FREE MINT for the first 200 (WORTH $430/Each), UPVOTE THIS POST & READ THE COMMENTS BELOWüëÄüëá!!!",,rj5fmb,2021-12-18 11:14:29,Retouchess,[],/r/SolanaNFTs/comments/rj5fmb/free_mint_for_the_first_200_worth_430each_upvote/,1,0,1,1,0,rj5fmb,post
SolanaNFTs,,"Mint as many as you want for FREE here : [https://solbearbutt.com](https://solbearbutt.com)  
  
And join our discord server for more awesome things: [https://discord.gg/6SZybfHtz9](https://discord.gg/6SZybfHtz9)",hp1chcq,2021-12-18 11:14:45,Retouchess,[],/r/SolanaNFTs/comments/rj5fmb/free_mint_for_the_first_200_worth_430each_upvote/hp1chcq/,1,0,,1,0,rj5fmb,comment
SolanaNFTs,"FREE MINT for the first 300, UPVOTE THIS POST & READ THE COMMENTS SECTIONüëÄüëá!!!",,rieig2,2021-12-17 10:24:45,Retouchess,[],/r/SolanaNFTs/comments/rieig2/free_mint_for_the_first_300_upvote_this_post_read/,1,0,1,1,0,rieig2,post
SolanaNFTs,,"Mint yours for FREE here : [https://solbearbutt.com](https://solbearbutt.com)  
  
And join our discord server for more awesome things: [https://discord.gg/6SZybfHtz9](https://discord.gg/6SZybfHtz9)",howgqm2,2021-12-17 10:25:05,Retouchess,[],/r/SolanaNFTs/comments/rieig2/free_mint_for_the_first_300_upvote_this_post_read/howgqm2/,1,0,,1,0,rieig2,comment
SolanaNFTs,"FREE MINT for the first 400, UPVOTE & READ THE COMMENTS SECTIONüëÄüëá!!!",,rhyjas,2021-12-16 19:48:12,Retouchess,[],/r/SolanaNFTs/comments/rhyjas/free_mint_for_the_first_400_upvote_read_the/,1,0,1,1,0,rhyjas,post
SolanaNFTs,,"Mint yours for FREE here : [https://solbearbutt.com](https://solbearbutt.com)  
  
And join our discord server for more awesome things: [https://discord.gg/NAMw275b](https://discord.gg/NAMw275b)",hotk2im,2021-12-16 19:48:31,Retouchess,[],/r/SolanaNFTs/comments/rhyjas/free_mint_for_the_first_400_upvote_read_the/hotk2im/,1,0,,1,0,rhyjas,comment
SolanaNFTs,Sol enforcers live mint 1/2 soldout!,Purchase here for 0.8SOL [https://solenforcers.io/?id=RXFSU0RXZVZMUGEyU0pRbmRzWW9LWUJKOTMzU0w5aUtoVzZnNERlRTQ2c1I=](https://solenforcers.io/?id=RXFSU0RXZVZMUGEyU0pRbmRzWW9LWUJKOTMzU0w5aUtoVzZnNERlRTQ2c1I=),ra5a6i,2021-12-06 11:35:44,SlipSmokesNFT,[],/r/SolanaNFTs/comments/ra5a6i/sol_enforcers_live_mint_12_soldout/,1,0,0,1,0,ra5a6i,post
SolanaNFTs,New collection on Solsea: KUNIYOSHI CREATURES,,r4ej5n,2021-11-28 21:12:59,snwdrftNFT,[],/r/SolanaNFTs/comments/r4ej5n/new_collection_on_solsea_kuniyoshi_creatures/,1,0,1,1,0,r4ej5n,post
SolanaNFTs,,"A collection of 11 monsters from the ukiyo-e of Utagawa Kuniyoshi  
Available now 

https://solsea.io/collection/61a3b2509346f662adbc5e13",hmg4vcp,2021-11-28 21:13:39,snwdrftNFT,[],/r/SolanaNFTs/comments/r4ej5n/new_collection_on_solsea_kuniyoshi_creatures/hmg4vcp/,1,0,,1,0,r4ej5n,comment
SolanaNFTs,Black SOL NFT drop is live now!,"Black SOL NFT has landed! ‚ö´‚ö´‚ö´

We offer a unique generated hand-picked collection of common and uncommon Black Friday goods. Mint yours for a chance of winning the item of your NFT IRL!

Mint yours at [blacksolnft.com](https://blacksolnft.com)",r20f3t,2021-11-25 16:32:25,BlackSOLNFT,[],/r/SolanaNFTs/comments/r20f3t/black_sol_nft_drop_is_live_now/,1,0,0,1,0,r20f3t,post
SolanaNFTs,NFT/SOL Giveaway ‚û°Ô∏è 8 winner slots and only 35 members ‚¨ÖÔ∏è how much better can the odds get???," ‚û°Ô∏è **8 winner slots and only 30 members** ‚¨ÖÔ∏è how much better can the odds get???

3Ô∏è‚É£ days left to enter our¬†**Silly Sheep NFT**¬†giveaway üì£

We've just started marketing so this is your last chance for an almost guaranteed WIN üöÄ

Prizes include:

üèÜ **Free NFT airdrops**

üèÖ **$55 in SOL**

üèÖ **whitelist allocations for our FREE and PRE sales**

Do yourself a favor and go make some¬†**EASY MONEY** üí∏ while the competition is still low.

Join our disc0rd, verify, and head over to the giveaways channel to learn how to enter:

[**https://linktr.ee/sillysheepnft**](https://linktr.ee/sillysheepnft)

&#x200B;

https://reddit.com/link/r1w5sp/video/e5zsenl4qq181/player",r1w5sp,2021-11-25 13:06:12,sillysheepnft,[],/r/SolanaNFTs/comments/r1w5sp/nftsol_giveaway_8_winner_slots_and_only_35/,1,0,0,1,0,r1w5sp,post
SolanaNFTs,"Welcome to SolCactus communityüåµMINT: 28th of November PRICE: 0.5 sol SUPPLY: 1111 NFT‚Äôs PASSIVE INCOME $CACTI FREE BLIND BOX WITH SolCactus, $SOL, $CACTI 10 RTX GRAPHIC CARDS FOR HOLDERS! MONEYBACK FOR FIRST 100 MINTERS! You still have a chance to get whitelisted!","[https://discord.gg/WV4vn8Tf](https://discord.gg/WV4vn8Tf)

https://i.redd.it/d6fv0j094p181.gif",r1r85a,2021-11-25 07:41:06,Fresh_Pope,[],/r/SolanaNFTs/comments/r1r85a/welcome_to_solcactus_communitymint_28th_of/,1,0,0,1,0,r1r85a,post
SolanaNFTs,"Solana Joins BTC, ETH on Bloomberg Terminal",,qv53om,2021-11-16 10:43:29,CoinjoyAssistant,[],/r/SolanaNFTs/comments/qv53om/solana_joins_btc_eth_on_bloomberg_terminal/,1,0,0,1,0,qv53om,post
SolanaNFTs,"SolBlox: 500 NFTs - 1 Sol Mint, 90% For Future $Token and P2E Game! Giveaway on 100% Mint: 5 Winners of 2 Sol! (link in description)",,qsi1o4,2021-11-12 18:52:55,No-Lie-6571,[],/r/SolanaNFTs/comments/qsi1o4/solblox_500_nfts_1_sol_mint_90_for_future_token/,1,0,2,1,0,qsi1o4,post
SolanaNFTs,,"https://bloxsol.com
https://discord.gg/GJ5gnpKG",hkd5p6k,2021-11-12 18:53:27,No-Lie-6571,[],/r/SolanaNFTs/comments/qsi1o4/solblox_500_nfts_1_sol_mint_90_for_future_token/hkd5p6k/,1,0,,1,0,qsi1o4,comment
SolanaNFTs,,Horror Fellas - the new Solana NFT Augmented Reality project is something special! This project looks amazing - art is just awesome! Anyone who likes horror movies should go and check those guys out: https://horror-fellas-solana-nft.com/,hkkwfaw,2021-11-14 12:23:18,Katerj95b,[],/r/SolanaNFTs/comments/qsi1o4/solblox_500_nfts_1_sol_mint_90_for_future_token/hkkwfaw/,1,0,,1,0,qsi1o4,comment
SolanaNFTs,Do you want a Sol NFT that looks like Tungsten NFT? Checkout SolBlox: Pixel Animated Blox in Solana! 500 NFTs - 1 Sol Mint! 90% of mint will go to Future $Token and P2E Game! Join us for more info!,,qrijiw,2021-11-11 10:40:06,No-Lie-6571,[],/r/SolanaNFTs/comments/qrijiw/do_you_want_a_sol_nft_that_looks_like_tungsten/,1,0,1,1,0,qrijiw,post
SolanaNFTs,,https://discord.gg/cKZCXTG6,hk6ryec,2021-11-11 10:40:27,No-Lie-6571,[],/r/SolanaNFTs/comments/qrijiw/do_you_want_a_sol_nft_that_looks_like_tungsten/hk6ryec/,1,0,,1,0,qrijiw,comment
SolanaNFTs,Introducing: Shiba Collection. 5000 fluffy Shibas living on the Solana blockchain. Mint is starting soon. We are raising awareness and donating 15% of proceeds to helping save homeless dogs worldwide! Join us and fight with us for our cause!,"Hey guys!

We just finished working on our upcoming launch of 5000 fluffy Shibas on the Solana blockchain. Our collection is designed with pixel art and includes a lot of different items and combinations.

We are setting the launch date as we speak. The roadmap is done, the team is ready, art is complete, etc.

We are setting out to help save homeless dogs worldwide - 15% of the minting proceeds will go towards this cause and a portion of aftermarket royalties.

Join us on Discord or check out our website!

Discord: [https://discord.gg/9CUZP8f4](https://discord.gg/9CUZP8f4)Website: [https://shibacollection.com](https://shibacollection.com/)

I hope you will help us reach our goals and spread awareness. We think you will love this project!

1/1 legendary Shiba - The Shibternal - will be airdropped when minting is complete! Only one with blue lasers!

&#x200B;

[The Shibternal](https://preview.redd.it/k1iebp7ibmy71.png?width=1200&format=png&auto=webp&s=191788567d4d2d4d02aa8d24cc95d45e34c1fc83)",qqaqcm,2021-11-09 19:04:08,lilypadse,[],/r/SolanaNFTs/comments/qqaqcm/introducing_shiba_collection_5000_fluffy_shibas/,1,0,1,1,0,qqaqcm,post
SolanaNFTs,Introducing: Shiba Collection,"Hey guys!

We just finished working on our upcoming launch of 5000 fluffy Shibas on the Solana blockchain. Our collection is designed with pixel art and includes a lot of different items and combinations.

We are setting the launch date as we speak. The roadmap is done, the team is ready, art is complete, etc.

We are setting out to help save homeless dogs worldwide - 15% of the minting proceeds will go towards this cause and a portion of aftermarket royalties.

Join us on Discord or check out our website!

Discord: [https://discord.gg/9CUZP8f4](https://discord.gg/9CUZP8f4)Website: [https://shibacollection.com](https://shibacollection.com/)

I hope you will help us reach our goals and spread awareness. We think you will love this project!

1/1 legendary Shiba - The Shibternal - will be airdropped when minting is complete! Only one with blue lasers!

[The Shibternal](https://preview.redd.it/vebl4ho80my71.png?width=1200&format=png&auto=webp&s=41c595f1ea0651a7ddea6ac5d897804f8701e40a)",qq9dtk,2021-11-09 18:00:57,CardiologistMaster88,[],/r/SolanaNFTs/comments/qq9dtk/introducing_shiba_collection/,1,0,0,1,0,qq9dtk,post
SolanaNFTs,Deez Dolphinz Solana NFT Giveaway,,qpus3k,2021-11-09 03:32:10,Emergency-Expert-855,[],/r/SolanaNFTs/comments/qpus3k/deez_dolphinz_solana_nft_giveaway/,1,0,2,1,0,qpus3k,post
SolanaNFTs,,"Take a look at this new project, Deez Dolphinz is a new NFT project inspired by, you guessed it, Dolphins! Multiple rarities and an exclusive set of 1 of 1s.  
This is a 100% community focused NFT project with royalties coming directly to the hodlers.  
Feel free to join our Discord to learn more! https://discord.gg/kAWtMbmxuc  
Follow on Twitter @ DeezDolphinz and mention this reddit post for a chance at a #DeezDolphinz NFT",hjw589x,2021-11-09 03:32:25,Emergency-Expert-855,[],/r/SolanaNFTs/comments/qpus3k/deez_dolphinz_solana_nft_giveaway/hjw589x/,1,0,,1,0,qpus3k,comment
SolanaNFTs,,Horror Fellas - the new Solana NFT Augmented Reality project is something special! This project looks amazing - art is just awesome! Anyone who likes horror movies should go and check those guys out: https://horror-fellas-solana-nft.com/,hjwtalh,2021-11-09 07:30:37,United-Enthusiasm-38,[],/r/SolanaNFTs/comments/qpus3k/deez_dolphinz_solana_nft_giveaway/hjwtalh/,1,0,,1,0,qpus3k,comment
SolanaNFTs,"Le prix de Solana (SOL) - la crypto-monnaie native de la blockchain Solana - devrait terminer l'ann√©e √† 235 $ US en moyenne, avant de s'envoler √† 1 178 $ US d'ici la fin de 2025, selon la moyenne des pr√©visions recueillies aupr√®s d'un panel de 50 sp√©cialistes de la fintech interrog√©s pour le",,qokzf0,2021-11-07 09:19:11,Jeromioweb,[],/r/SolanaNFTs/comments/qokzf0/le_prix_de_solana_sol_la_cryptomonnaie_native_de/,1,0,0,1,0,qokzf0,post
SolanaNFTs,Have you ever failed to mint an NFT during a hyped launch on Solana ? Do you feel like you can't keep up when those collections sell out in seconds ? We have the perfect tool for you.," Hi friends,

Have you ever failed to mint an NFT during a hyped launch on Solana ? Do you feel like you can't keep up when those collections sell out in seconds ? We have the perfect tool for you.

My friend and I have been working on a script for a week that will alleviate the pain of minting the way we know it.

**Advantages of our script bot:**

üíé Auto connects wallet;

üíé Auto mint;

üíé Works on all devices that have access to browser extensions;

üíé Installation instructions

üíé Free script updates

If youre interested in buying SolNFT Mint bot, please contact with me privately: DMing in Reddit | Contacting with me on Discord: hugurris#5539 | Writing me on Telegram: OxMint",qihkj6,2021-10-29 17:11:20,hugurris,[],/r/SolanaNFTs/comments/qihkj6/have_you_ever_failed_to_mint_an_nft_during_a/,1,0,0,1,0,qihkj6,post
SolanaNFTs,A Buyer's Guide to NFTs on Solana,,qeq56l,2021-10-24 11:14:29,bordoisse,[],/r/SolanaNFTs/comments/qeq56l/a_buyers_guide_to_nfts_on_solana/,1,0,2,1,0,qeq56l,post
SolanaNFTs,,Go check out the New Solana NFT Augmented Reality project -  it looks very promising: https://horror-fellas-solana-nft.com/,hi6jy1u,2021-10-26 23:44:45,fadojwer,[],/r/SolanaNFTs/comments/qeq56l/a_buyers_guide_to_nfts_on_solana/hi6jy1u/,1,0,,1,0,qeq56l,comment
SolanaNFTs,,This project looks amazing - art is just awesome! I already bought some of those creepy fellas :),hiyoicm,2021-11-02 02:09:32,NovelObjective8740,[],/r/SolanaNFTs/comments/qeq56l/a_buyers_guide_to_nfts_on_solana/hiyoicm/,1,0,,1,0,qeq56l,comment
SolanaNFTs,Have you been rug pulled? You can get a free NFT," Something's Fishy project will be giving away 200 SOL worth NFTs to those who have been affected by rug pulls. Check the announcement on Twitter and join their discord for the details: 

[https://discord.gg/HSCQT6c3](https://discord.gg/HSCQT6c3)

[https://twitter.com/fishynftmob](https://twitter.com/fishynftmob)",qd7c86,2021-10-22 02:30:05,saldirayabi58,[],/r/SolanaNFTs/comments/qd7c86/have_you_been_rug_pulled_you_can_get_a_free_nft/,1,0,0,1,0,qd7c86,post
SolanaNFTs,"Join DinoSol World and it's journey! Using Solano as the crypto currency, all 7,777 DinoSols are all done by hand and are priced at .07 SOL !! Currently sitting at almost 1.7k members, you can be apart of this great journey <3 Please feel free to join, chat, and discover !!",,qbqzb1,2021-10-20 02:30:30,domedrummer,[],/r/SolanaNFTs/comments/qbqzb1/join_dinosol_world_and_its_journey_using_solano/,1,0,0,1,0,qbqzb1,post
SolanaNFTs,Crypto Hools NFT Giveaway,"Hello fellow NFT lovers! Crypto Hools, group of hooligans, drawn in full body lenght, embedded in NFT, are emerging on Solana blockchain. Website is still under development, but our art is 90% ready and yesterday we've started with the giveaways.

Join [https://discord.gg/Qe86WfSM](https://discord.gg/Qe86WfSM) and check the giveaway channel.

Be Hool  


https://i.redd.it/km74ssq0tzt71.gif",q9wmrl,2021-10-17 11:04:52,niltevs1,[],/r/SolanaNFTs/comments/q9wmrl/crypto_hools_nft_giveaway/,1,0,0,1,0,q9wmrl,post
SolanaNFTs,Join the Anti Artist Artists Club Discord Server!,,q8j8yv,2021-10-15 07:29:40,Prestigious-Ice-1384,[],/r/SolanaNFTs/comments/q8j8yv/join_the_anti_artist_artists_club_discord_server/,1,0,1,1,0,q8j8yv,post
SolanaNFTs,,I found some interesting Solana NFT Augmented Reality project and I think those people are very perspective:https://horror-fellas-solana-nft.com/,hgq1b2g,2021-10-15 10:33:54,Katerj95b,[],/r/SolanaNFTs/comments/q8j8yv/join_the_anti_artist_artists_club_discord_server/hgq1b2g/,1,0,,1,0,q8j8yv,comment
SolanaNFTs,SolYetis,,q3mmpz,2021-10-08 00:40:21,Dry-Alps-6988,[],/r/SolanaNFTs/comments/q3mmpz/solyetis/,1,0,0,1,0,q3mmpz,post
SolanaNFTs,"Another one of our #Solana ""69 Pussy Cats"" has been adopted",,pubaxa,2021-09-24 03:21:59,Ordonezec,[],/r/SolanaNFTs/comments/pubaxa/another_one_of_our_solana_69_pussy_cats_has_been/,1,0,2,1,0,pubaxa,post
SolanaNFTs,,"Another one of our #Solana ""69 Pussy Cats"" has been adopted Cara de gato  
Get yours at   
u/SolSeaNFT  
Not your avarage avatar project. Only 69 avaliable, all unique and hand drawn Fuego  
https://solsea.io/collection/613380781ed04e4d695af4d2  
\#SolanaNFT #SolanaSummer #NFTdrop #nftcollector #NFTs #solsea #nftcollectors",he1r5da,2021-09-24 03:23:04,Ordonezec,[],/r/SolanaNFTs/comments/pubaxa/another_one_of_our_solana_69_pussy_cats_has_been/he1r5da/,1,0,,1,0,pubaxa,comment
SolanaNFTs,,Nice!,he1r63x,2021-09-24 03:23:15,nice___bot,[],/r/SolanaNFTs/comments/pubaxa/another_one_of_our_solana_69_pussy_cats_has_been/he1r63x/,1,0,,1,0,pubaxa,comment
SolanaNFTs,"After 24-Hours Downtime ""Ethereum Killer"" Solana Revived Again",,poo3p0,2021-09-15 11:17:55,CoinjoyAssistant,[],/r/SolanaNFTs/comments/poo3p0/after_24hours_downtime_ethereum_killer_solana/,1,0,1,1,0,poo3p0,post
SolanaNFTs,,"Do you want a Sol NFT that looks like Tungsten NFT? Checkout SolBlox: Pixel Animated Blox in Solana! 500 NFTs - 1 Sol Mint! 90% of mint will go to Future $Token and P2E Game! Join us for more info!
https://discord.gg/cKZCXTG6",hk6sezf,2021-11-11 10:46:42,No-Lie-6571,[],/r/SolanaNFTs/comments/poo3p0/after_24hours_downtime_ethereum_killer_solana/hk6sezf/,1,0,,1,0,poo3p0,comment
SolanaNFTs,https://discord.com/invite/eCuu6U9r,,pfjjd8,2021-09-01 01:27:35,ItTastesLikeButter,[],/r/SolanaNFTs/comments/pfjjd8/httpsdiscordcominviteecuu6u9r/,1,0,0,1,0,pfjjd8,post
SolanaNFTs,üéÅFREE MINT FOR THE FIRST 500üé•üé¨üíµ UPVOTE ‚¨ÜÔ∏è + DROP YOUR SOL WALLET üî• CHECK COMMENTS FOR DETAILSüëá,,t8motj,2022-03-07 10:56:31,Crunchyess,[],/r/SolanaNFTs/comments/t8motj/free_mint_for_the_first_500_upvote_drop_your_sol/,0,0,1,0,0,t8motj,post
SolanaNFTs,,"Live Mint on (FREE MINT FOR THE FIRST 500): [https://divaz.hollywoodpunkz.com](https://divaz.hollywoodpunkz.com)  
  
Join the twitter & discord through this link:  
  
[https://discord.gg/zbgmrcwntt](https://discord.gg/zbgmrcwntt)  
  
[https://twitter.com/hollywoodpunkz](https://twitter.com/hollywoodpunkz)",hzouv7k,2022-03-07 10:56:48,Crunchyess,[],/r/SolanaNFTs/comments/t8motj/free_mint_for_the_first_500_upvote_drop_your_sol/hzouv7k/,1,0,,1,0,t8motj,comment
SolanaNFTs,üéÅFREE Cool Cats Solana NFTüòªüòªüòª for EVERYONE (Worth more than üí∏ $30.000). UPVOTE ‚¨ÜÔ∏è + DROP YOUR SOL WALLET üî• CHECK COMMENTS üëá,,t458cs,2022-03-01 10:49:16,Retouchess,[],/r/SolanaNFTs/comments/t458cs/free_cool_cats_solana_nft_for_everyone_worth_more/,0,0,2,0,0,t458cs,post
SolanaNFTs,,"ADDITIONAL DETAILS TO GUARANTEE YOUR WIN:  
  
Make sure you follow all steps on Twitter (Pinned Tweet): [https://twitter.com/SolanaCoolCatz](https://twitter.com/SolanaCoolCatz)  
  
Join the discord: [https://discord.gg/msEGFRrj8w](https://discord.gg/msEGFRrj8w)  
  
Good luck",hywbwux,2022-03-01 10:49:31,Retouchess,[],/r/SolanaNFTs/comments/t458cs/free_cool_cats_solana_nft_for_everyone_worth_more/hywbwux/,1,0,,1,0,t458cs,comment
SolanaNFTs,üéÅFREE Cool Cats Solana NFTüòªüòªüòª for EVERYONE (Worth more than üí∏ $30.000). UPVOTE ‚¨ÜÔ∏è + DROP YOUR SOL WALLET üî• CHECK COMMENTS üëá,,t3d3ej,2022-02-28 11:03:41,Retouchess,[],/r/SolanaNFTs/comments/t3d3ej/free_cool_cats_solana_nft_for_everyone_worth_more/,0,0,2,0,0,t3d3ej,post
SolanaNFTs,,"ADDITIONAL DETAILS TO GUARANTEE YOUR WIN:  
  
Make sure you follow all steps on Twitter (Pinned Tweet): [https://twitter.com/SolanaCoolCatz](https://twitter.com/SolanaCoolCatz)  
  
Join the discord: [https://discord.gg/msEGFRrj8w](https://discord.gg/msEGFRrj8w)  
  
Good luck",hyrjnqm,2022-02-28 11:04:04,Retouchess,[],/r/SolanaNFTs/comments/t3d3ej/free_cool_cats_solana_nft_for_everyone_worth_more/hyrjnqm/,1,0,,1,0,t3d3ej,comment
SolanaNFTs,Claim a free Nifty Records NFT just by joining the discord !,,se2vdl,2022-01-27 16:54:32,ghost_5431,[],/r/SolanaNFTs/comments/se2vdl/claim_a_free_nifty_records_nft_just_by_joining/,0,0,0,0,0,se2vdl,post
SolanaNFTs,3 FREE NFT GIVEAWAY - JUST UPVOTE & DROP ADDRESS!,,r8n97m,2021-12-04 10:54:12,Retouchess,[],/r/SolanaNFTs/comments/r8n97m/3_free_nft_giveaway_just_upvote_drop_address/,0,0,2,0,0,r8n97m,post
SolanaNFTs,,"To double ur chances join the discord server  
  
Discord: [https://discord.gg/hrKMYqBt](https://discord.gg/hrKMYqBt)  
  
Read this Tweet: [https://twitter.com/SolBearButt/status/1467077877929852929](https://twitter.com/SolBearButt/status/1467077877929852929)  
  
pls make sure u joined the discord server and verified to be considered  
  
Discord: [https://discord.gg/hrKMYqBt](https://discord.gg/hrKMYqBt)",hn6lh0d,2021-12-04 10:54:43,Retouchess,[],/r/SolanaNFTs/comments/r8n97m/3_free_nft_giveaway_just_upvote_drop_address/hn6lh0d/,1,0,,1,0,r8n97m,comment
