,Username,Datetime,Tweet Id,Text,Likes,Retweets,Replies,Quotes,Mentioned
0,voguesingapore,2022-03-17 07:30:00+00:00,1504359381630169091,"‚ÄòMan of the World‚Äô features one of @AntonBelinskiy‚Äôs designs modelled on an animated characteristic‚Äîas part of 'Fashion for Peace' NFT collection.

Now available on sale, where all proceeds will go to Save The Children Ukraine.
https://t.co/jnkvJKQqNb https://t.co/wLVd9ZuwBw",18,15,1,0,"[User(username='AntonBelinskiy', id=1606075046, displayname='Anton Belinskiy', description=None, rawDescription=None, descriptionUrls=None, verified=None, created=None, followersCount=None, friendsCount=None, statusesCount=None, favouritesCount=None, listedCount=None, mediaCount=None, location=None, protected=None, linkUrl=None, linkTcourl=None, profileImageUrl=None, profileBannerUrl=None, label=None)]"
1,voguesingapore,2022-03-17 07:10:00+00:00,1504354345843781633,"‚ÄòSaint George Who Defeats The Russian Warship‚Äô by #GuniaProject depicts Saint George as the slayer, to represent the victory of Ukraine over Russia.

'Fashion for Peace' NFT collection is now on sale, with all proceeds going to Save The Children Ukraine.
https://t.co/jnkvJKyPoB https://t.co/FvWoLLtVNa",7,1,1,0,
2,voguesingapore,2022-03-17 07:07:39+00:00,1504353756754100230,"‚ÄòAntarctic Expedition‚Äô sees Ukraine‚Äôs Antarctic team wearing Ienki‚Äôs Ienki‚Äôs expedition parkas‚Äîas part of 'Fashion for Peace' NFT collection.

Now available for sale, where all proceeds will go Save The Children Ukraine.
https://t.co/jnkvJKQYCJ https://t.co/9M086QKr7k",7,3,0,0,
3,voguesingapore,2022-03-17 06:51:34+00:00,1504349708843905024,".@dressxcom x @ttswtrs' 'Intergalactic Freedom Dress‚Äô from 'Fashion for Peace' NFT collection sees a tulle dress in navy and gold, inspired by the Ukrainian flag. Now available for sale, with all proceeds going to Save The Children Ukraine. 
https://t.co/jnkvJKQYCJ https://t.co/EhGjdx95zQ",8,5,0,0,"[User(username='dressxcom', id=1288177973745446912, displayname='DRESSX', description=None, rawDescription=None, descriptionUrls=None, verified=None, created=None, followersCount=None, friendsCount=None, statusesCount=None, favouritesCount=None, listedCount=None, mediaCount=None, location=None, protected=None, linkUrl=None, linkTcourl=None, profileImageUrl=None, profileBannerUrl=None, label=None), User(username='ttswtrs', id=1384103607922954247, displayname='TTSWTRS', description=None, rawDescription=None, descriptionUrls=None, verified=None, created=None, followersCount=None, friendsCount=None, statusesCount=None, favouritesCount=None, listedCount=None, mediaCount=None, location=None, protected=None, linkUrl=None, linkTcourl=None, profileImageUrl=None, profileBannerUrl=None, label=None)]"
4,voguesingapore,2022-03-17 04:34:29+00:00,1504315210592845827,"""In Ukrainian culture, the poppy is a symbol of beauty and youth that goes along with the DNA of my brand...""shares @annaoctiabr on 'Poppy' from 'Fashion for Peace' NFT collection. All proceeds will go to Save The Children Ukraine.
Now available on sale at https://t.co/jnkvJKQYCJ https://t.co/mxGSyGh2gG",13,7,0,1,"[User(username='annaoctiabr', id=134163666, displayname='Anna October', description=None, rawDescription=None, descriptionUrls=None, verified=None, created=None, followersCount=None, friendsCount=None, statusesCount=None, favouritesCount=None, listedCount=None, mediaCount=None, location=None, protected=None, linkUrl=None, linkTcourl=None, profileImageUrl=None, profileBannerUrl=None, label=None)]"
5,voguesingapore,2022-03-16 13:50:09+00:00,1504092661224935426,"Happening soon! Looking forward to chatting to @mrphilippvlasov, EIC of @VogueUkraine, and designers / founders from the ‚ÄòFashion for Peace‚Äô NFT project - many of whom are joining the chat from Ukraine #VogueFashionForPeace https://t.co/9douD76Bu6",12,2,0,1,"[User(username='mrphilippvlasov', id=1313234188049489922, displayname='Philipp Vlasov', description=None, rawDescription=None, descriptionUrls=None, verified=None, created=None, followersCount=None, friendsCount=None, statusesCount=None, favouritesCount=None, listedCount=None, mediaCount=None, location=None, protected=None, linkUrl=None, linkTcourl=None, profileImageUrl=None, profileBannerUrl=None, label=None), User(username='VogueUkraine', id=159443222, displayname='Vogue Ukraine', description=None, rawDescription=None, descriptionUrls=None, verified=None, created=None, followersCount=None, friendsCount=None, statusesCount=None, favouritesCount=None, listedCount=None, mediaCount=None, location=None, protected=None, linkUrl=None, linkTcourl=None, profileImageUrl=None, profileBannerUrl=None, label=None)]"
6,voguesingapore,2022-03-15 13:15:06+00:00,1503721450456649729,"Gunia Project's artworks depict the war with molotov cocktails and anti-tank missiles, as part of @voguesingapore x @VogueUkraine's 'Fashion for Peace' NFT collection.

The sale is now live @opensea here:
https://t.co/jnkvJKQYCJ All proceeds will go to Save The Children Ukraine. https://t.co/qg3UFf8sU4",23,6,1,0,"[User(username='voguesingapore', id=1214895449695510528, displayname='Vogue Singapore', description=None, rawDescription=None, descriptionUrls=None, verified=None, created=None, followersCount=None, friendsCount=None, statusesCount=None, favouritesCount=None, listedCount=None, mediaCount=None, location=None, protected=None, linkUrl=None, linkTcourl=None, profileImageUrl=None, profileBannerUrl=None, label=None), User(username='VogueUkraine', id=159443222, displayname='Vogue Ukraine', description=None, rawDescription=None, descriptionUrls=None, verified=None, created=None, followersCount=None, friendsCount=None, statusesCount=None, favouritesCount=None, listedCount=None, mediaCount=None, location=None, protected=None, linkUrl=None, linkTcourl=None, profileImageUrl=None, profileBannerUrl=None, label=None), User(username='opensea', id=946213559213555712, displayname='OpenSea', description=None, rawDescription=None, descriptionUrls=None, verified=None, created=None, followersCount=None, friendsCount=None, statusesCount=None, favouritesCount=None, listedCount=None, mediaCount=None, location=None, protected=None, linkUrl=None, linkTcourl=None, profileImageUrl=None, profileBannerUrl=None, label=None)]"
7,voguesingapore,2022-03-15 13:10:41+00:00,1503720342036312066,"An @AntonBelinksiy design modelled on a digital character, as part of @voguesingapore x 
@VogueUkraine's 'Fashion for Peace' NFT collection. 

The sale is now live @opensea here:
https://t.co/jnkvJKQYCJ All proceeds will go to Save The Children Ukraine. https://t.co/1w0b7Sng0G",9,1,0,0,"[User(username='voguesingapore', id=1214895449695510528, displayname='Vogue Singapore', description=None, rawDescription=None, descriptionUrls=None, verified=None, created=None, followersCount=None, friendsCount=None, statusesCount=None, favouritesCount=None, listedCount=None, mediaCount=None, location=None, protected=None, linkUrl=None, linkTcourl=None, profileImageUrl=None, profileBannerUrl=None, label=None), User(username='VogueUkraine', id=159443222, displayname='Vogue Ukraine', description=None, rawDescription=None, descriptionUrls=None, verified=None, created=None, followersCount=None, friendsCount=None, statusesCount=None, favouritesCount=None, listedCount=None, mediaCount=None, location=None, protected=None, linkUrl=None, linkTcourl=None, profileImageUrl=None, profileBannerUrl=None, label=None), User(username='opensea', id=946213559213555712, displayname='OpenSea', description=None, rawDescription=None, descriptionUrls=None, verified=None, created=None, followersCount=None, friendsCount=None, statusesCount=None, favouritesCount=None, listedCount=None, mediaCount=None, location=None, protected=None, linkUrl=None, linkTcourl=None, profileImageUrl=None, profileBannerUrl=None, label=None)]"
8,voguesingapore,2022-03-15 11:43:18+00:00,1503698347655569412,".@dressxcom's ‚ÄòIntergalactic Freedom Dress‚Äô for @voguesingapore x @VogueUkraine's 'Fashion for Peace' NFT collection.
The sale goes live @openseaon 15 March 8pm SGT here:https://t.co/jnkvJKQYCJ. All proceeds will go to Save The Children Ukraine. https://t.co/kTf44gcsCh",8,2,1,1,"[User(username='dressxcom', id=1288177973745446912, displayname='DRESSX', description=None, rawDescription=None, descriptionUrls=None, verified=None, created=None, followersCount=None, friendsCount=None, statusesCount=None, favouritesCount=None, listedCount=None, mediaCount=None, location=None, protected=None, linkUrl=None, linkTcourl=None, profileImageUrl=None, profileBannerUrl=None, label=None), User(username='voguesingapore', id=1214895449695510528, displayname='Vogue Singapore', description=None, rawDescription=None, descriptionUrls=None, verified=None, created=None, followersCount=None, friendsCount=None, statusesCount=None, favouritesCount=None, listedCount=None, mediaCount=None, location=None, protected=None, linkUrl=None, linkTcourl=None, profileImageUrl=None, profileBannerUrl=None, label=None), User(username='VogueUkraine', id=159443222, displayname='Vogue Ukraine', description=None, rawDescription=None, descriptionUrls=None, verified=None, created=None, followersCount=None, friendsCount=None, statusesCount=None, favouritesCount=None, listedCount=None, mediaCount=None, location=None, protected=None, linkUrl=None, linkTcourl=None, profileImageUrl=None, profileBannerUrl=None, label=None)]"
9,voguesingapore,2022-03-15 10:09:39+00:00,1503674779785895941,"A photo of Ukraine‚Äôs Antarctic team wearing Ienki‚Äôs Ienki‚Äôs designs, a part of @voguesingapore x 
@VogueUkraine's 'Fashion for Peace' NFT collection

The sale goes live @openseaon 15 March 8pm SGT here:https://t.co/jnkvJKQYCJ. All proceeds will go to Save The Children Ukraine. https://t.co/gQctLc9dqq",9,3,0,0,"[User(username='voguesingapore', id=1214895449695510528, displayname='Vogue Singapore', description=None, rawDescription=None, descriptionUrls=None, verified=None, created=None, followersCount=None, friendsCount=None, statusesCount=None, favouritesCount=None, listedCount=None, mediaCount=None, location=None, protected=None, linkUrl=None, linkTcourl=None, profileImageUrl=None, profileBannerUrl=None, label=None), User(username='VogueUkraine', id=159443222, displayname='Vogue Ukraine', description=None, rawDescription=None, descriptionUrls=None, verified=None, created=None, followersCount=None, friendsCount=None, statusesCount=None, favouritesCount=None, listedCount=None, mediaCount=None, location=None, protected=None, linkUrl=None, linkTcourl=None, profileImageUrl=None, profileBannerUrl=None, label=None)]"
10,voguesingapore,2022-03-15 07:33:54+00:00,1503635587727003649,"Gudu's piece for @voguesingapore x @VogueUkraine's 'Fashion for Peace' NFT collection, depicts the white forces of good against the forces of evil. 

The sale goes live @opensea on 15 March 8pm SGT here:https://t.co/jnkvJKQYCJ. All proceeds will go to Save The Children Ukraine. https://t.co/s3GjEjXn5v",34,16,4,1,"[User(username='voguesingapore', id=1214895449695510528, displayname='Vogue Singapore', description=None, rawDescription=None, descriptionUrls=None, verified=None, created=None, followersCount=None, friendsCount=None, statusesCount=None, favouritesCount=None, listedCount=None, mediaCount=None, location=None, protected=None, linkUrl=None, linkTcourl=None, profileImageUrl=None, profileBannerUrl=None, label=None), User(username='VogueUkraine', id=159443222, displayname='Vogue Ukraine', description=None, rawDescription=None, descriptionUrls=None, verified=None, created=None, followersCount=None, friendsCount=None, statusesCount=None, favouritesCount=None, listedCount=None, mediaCount=None, location=None, protected=None, linkUrl=None, linkTcourl=None, profileImageUrl=None, profileBannerUrl=None, label=None), User(username='opensea', id=946213559213555712, displayname='OpenSea', description=None, rawDescription=None, descriptionUrls=None, verified=None, created=None, followersCount=None, friendsCount=None, statusesCount=None, favouritesCount=None, listedCount=None, mediaCount=None, location=None, protected=None, linkUrl=None, linkTcourl=None, profileImageUrl=None, profileBannerUrl=None, label=None)]"
11,voguesingapore,2022-03-15 06:26:36+00:00,1503618648178831360,".@annaoctiabr's piece for @voguesingapore x @VogueUkraine's 'Fashion for Peace' NFT collection, features a self-portrait of feminine beauty.

The sale goes live @opensea on 15 March 8pm SGT here:https://t.co/jnkvJKQYCJ. All proceeds will go to Save The Children Ukraine. https://t.co/j6vv351TCJ",9,4,0,1,"[User(username='annaoctiabr', id=134163666, displayname='Anna October', description=None, rawDescription=None, descriptionUrls=None, verified=None, created=None, followersCount=None, friendsCount=None, statusesCount=None, favouritesCount=None, listedCount=None, mediaCount=None, location=None, protected=None, linkUrl=None, linkTcourl=None, profileImageUrl=None, profileBannerUrl=None, label=None), User(username='voguesingapore', id=1214895449695510528, displayname='Vogue Singapore', description=None, rawDescription=None, descriptionUrls=None, verified=None, created=None, followersCount=None, friendsCount=None, statusesCount=None, favouritesCount=None, listedCount=None, mediaCount=None, location=None, protected=None, linkUrl=None, linkTcourl=None, profileImageUrl=None, profileBannerUrl=None, label=None), User(username='VogueUkraine', id=159443222, displayname='Vogue Ukraine', description=None, rawDescription=None, descriptionUrls=None, verified=None, created=None, followersCount=None, friendsCount=None, statusesCount=None, favouritesCount=None, listedCount=None, mediaCount=None, location=None, protected=None, linkUrl=None, linkTcourl=None, profileImageUrl=None, profileBannerUrl=None, label=None), User(username='opensea', id=946213559213555712, displayname='OpenSea', description=None, rawDescription=None, descriptionUrls=None, verified=None, created=None, followersCount=None, friendsCount=None, statusesCount=None, favouritesCount=None, listedCount=None, mediaCount=None, location=None, protected=None, linkUrl=None, linkTcourl=None, profileImageUrl=None, profileBannerUrl=None, label=None)]"
12,voguesingapore,2022-03-15 03:19:05+00:00,1503571460329115654,"Vogue Singapore and @VogueUkraine present an NFT collection by six designers and artists from Ukraine, with all proceeds going to Save The Children Ukraine.
The sale goes live @opensea on 8pm SGT/8am EST tonight.
https://t.co/BjDlycvTX8",24,6,8,3,"[User(username='VogueUkraine', id=159443222, displayname='Vogue Ukraine', description=None, rawDescription=None, descriptionUrls=None, verified=None, created=None, followersCount=None, friendsCount=None, statusesCount=None, favouritesCount=None, listedCount=None, mediaCount=None, location=None, protected=None, linkUrl=None, linkTcourl=None, profileImageUrl=None, profileBannerUrl=None, label=None), User(username='opensea', id=946213559213555712, displayname='OpenSea', description=None, rawDescription=None, descriptionUrls=None, verified=None, created=None, followersCount=None, friendsCount=None, statusesCount=None, favouritesCount=None, listedCount=None, mediaCount=None, location=None, protected=None, linkUrl=None, linkTcourl=None, profileImageUrl=None, profileBannerUrl=None, label=None)]"
13,voguesingapore,2022-03-08 09:27:39+00:00,1501127498267955200,"What does inclusivity look like in the metaverse? Frank and Levina of @MetaArtClub weigh in. 
https://t.co/0YZlf9TeAa",8,2,3,0,"[User(username='MetaArtClub', id=1453004311642918917, displayname='MetaArtClub ‚àû', description=None, rawDescription=None, descriptionUrls=None, verified=None, created=None, followersCount=None, friendsCount=None, statusesCount=None, favouritesCount=None, listedCount=None, mediaCount=None, location=None, protected=None, linkUrl=None, linkTcourl=None, profileImageUrl=None, profileBannerUrl=None, label=None)]"
14,voguesingapore,2022-02-17 11:35:15+00:00,1494274240002260997,"As fashion week continues, expect more designers to forge their own path in the metaverse.
https://t.co/rZt7dBPhQm",4,1,0,0,
15,voguesingapore,2022-02-10 03:34:12+00:00,1491616464822222850,"From @hpnotik_ making a debut on the metaverse to infusing technology into their designs, here are the radical game changers we're looking forward to see at the New York fall/winter 2022 shows.
https://t.co/Tn9ofld51I",6,2,1,0,"[User(username='hpnotik_', id=1197297988143632391, displayname='kim shui', description=None, rawDescription=None, descriptionUrls=None, verified=None, created=None, followersCount=None, friendsCount=None, statusesCount=None, favouritesCount=None, listedCount=None, mediaCount=None, location=None, protected=None, linkUrl=None, linkTcourl=None, profileImageUrl=None, profileBannerUrl=None, label=None)]"
16,voguesingapore,2022-02-09 10:56:44+00:00,1491365443130785794,What an absolute privilege witnessing @lunaikuta's vision come to life in the metaverse! ‚ú® https://t.co/1B202Zgv6n,5,3,0,0,"[User(username='lunaikuta', id=1211117018331566080, displayname='‚ùÄ Luna Ikuta ‚ùÄ', description=None, rawDescription=None, descriptionUrls=None, verified=None, created=None, followersCount=None, friendsCount=None, statusesCount=None, favouritesCount=None, listedCount=None, mediaCount=None, location=None, protected=None, linkUrl=None, linkTcourl=None, profileImageUrl=None, profileBannerUrl=None, label=None)]"
17,voguesingapore,2022-02-09 08:00:02+00:00,1491320973202649089,"Bumping this piece of underrated advice from @binance's @HelenHaiyu up: ""I think it‚Äôs extremely important that you buy an NFT because you genuinely like it.""
https://t.co/UQp9JijOxL",3,1,1,0,"[User(username='binance', id=877807935493033984, displayname='Binance', description=None, rawDescription=None, descriptionUrls=None, verified=None, created=None, followersCount=None, friendsCount=None, statusesCount=None, favouritesCount=None, listedCount=None, mediaCount=None, location=None, protected=None, linkUrl=None, linkTcourl=None, profileImageUrl=None, profileBannerUrl=None, label=None), User(username='HelenHaiyu', id=3875320408, displayname='Helen Hai', description=None, rawDescription=None, descriptionUrls=None, verified=None, created=None, followersCount=None, friendsCount=None, statusesCount=None, favouritesCount=None, listedCount=None, mediaCount=None, location=None, protected=None, linkUrl=None, linkTcourl=None, profileImageUrl=None, profileBannerUrl=None, label=None)]"
18,voguesingapore,2022-02-07 06:24:34+00:00,1490572172376801280,"What an inspiring narrative to echo for the #metaverse, congratulations @Krista_Kim on this stunning movement! https://t.co/CtKACHkY18",25,7,4,1,"[User(username='Krista_Kim', id=105657151, displayname='Krista Kim', description=None, rawDescription=None, descriptionUrls=None, verified=None, created=None, followersCount=None, friendsCount=None, statusesCount=None, favouritesCount=None, listedCount=None, mediaCount=None, location=None, protected=None, linkUrl=None, linkTcourl=None, profileImageUrl=None, profileBannerUrl=None, label=None)]"
19,voguesingapore,2022-02-07 03:41:50+00:00,1490531221381992449,Thank you @pranksy for your kind words! @lunaikuta definitely captured the essence of 'Grace' beautifully in this #NFT. https://t.co/kBIVNJF9OX,8,2,0,0,"[User(username='pranksy', id=2621412174, displayname='Pranksy üì¶', description=None, rawDescription=None, descriptionUrls=None, verified=None, created=None, followersCount=None, friendsCount=None, statusesCount=None, favouritesCount=None, listedCount=None, mediaCount=None, location=None, protected=None, linkUrl=None, linkTcourl=None, profileImageUrl=None, profileBannerUrl=None, label=None), User(username='lunaikuta', id=1211117018331566080, displayname='‚ùÄ Luna Ikuta ‚ùÄ', description=None, rawDescription=None, descriptionUrls=None, verified=None, created=None, followersCount=None, friendsCount=None, statusesCount=None, favouritesCount=None, listedCount=None, mediaCount=None, location=None, protected=None, linkUrl=None, linkTcourl=None, profileImageUrl=None, profileBannerUrl=None, label=None)]"
20,voguesingapore,2022-01-31 03:48:42+00:00,1487996236175376385,"Ahead of the Twitter Spaces happening later today‚Äîhosted by @SuperRare, drop us any questions you would like @lunaikuta and Editor-in-Chief of Vogue Singapore @Musingmutley to answer! #VogueNFT #VogueSingapore #NFT https://t.co/Vf3j7PYwA9",14,3,2,0,"[User(username='SuperRare', id=980935731794403328, displayname='SuperRare üíé', description=None, rawDescription=None, descriptionUrls=None, verified=None, created=None, followersCount=None, friendsCount=None, statusesCount=None, favouritesCount=None, listedCount=None, mediaCount=None, location=None, protected=None, linkUrl=None, linkTcourl=None, profileImageUrl=None, profileBannerUrl=None, label=None), User(username='lunaikuta', id=1211117018331566080, displayname='‚ùÄ Luna Ikuta ‚ùÄ', description=None, rawDescription=None, descriptionUrls=None, verified=None, created=None, followersCount=None, friendsCount=None, statusesCount=None, favouritesCount=None, listedCount=None, mediaCount=None, location=None, protected=None, linkUrl=None, linkTcourl=None, profileImageUrl=None, profileBannerUrl=None, label=None), User(username='Musingmutley', id=476791635, displayname='Norman Tan', description=None, rawDescription=None, descriptionUrls=None, verified=None, created=None, followersCount=None, friendsCount=None, statusesCount=None, favouritesCount=None, listedCount=None, mediaCount=None, location=None, protected=None, linkUrl=None, linkTcourl=None, profileImageUrl=None, profileBannerUrl=None, label=None)]"
21,voguesingapore,2022-01-30 13:04:43+00:00,1487773770966204425,"Hosted by @SuperRare, join us tomorrow, on 31 January, (3pm UTC/ 11pm SGT) as we chat about the future of art in the metaverse with @lunaikuta. 
https://t.co/ZOb7CZuYsv
#VogueNFT #VogueSingapore https://t.co/kycjxoi9fp",703,109,22,7,"[User(username='SuperRare', id=980935731794403328, displayname='SuperRare üíé', description=None, rawDescription=None, descriptionUrls=None, verified=None, created=None, followersCount=None, friendsCount=None, statusesCount=None, favouritesCount=None, listedCount=None, mediaCount=None, location=None, protected=None, linkUrl=None, linkTcourl=None, profileImageUrl=None, profileBannerUrl=None, label=None), User(username='lunaikuta', id=1211117018331566080, displayname='‚ùÄ Luna Ikuta ‚ùÄ', description=None, rawDescription=None, descriptionUrls=None, verified=None, created=None, followersCount=None, friendsCount=None, statusesCount=None, favouritesCount=None, listedCount=None, mediaCount=None, location=None, protected=None, linkUrl=None, linkTcourl=None, profileImageUrl=None, profileBannerUrl=None, label=None)]"
22,voguesingapore,2022-01-27 11:25:56+00:00,1486661748736212998,"Presenting Vogue Singapore‚Äôs first NFT drop for 2022: ‚Äô12 Months of Afterlife‚Äô by @lunaikuta‚Äîin the form of a digital cover. A series of transparent floral bouquets embalmed for posterity as ethereal video loops on digital film.

Available on @SuperRare on 31 January, 9PM SGT https://t.co/5H5wSvaBTA",61,14,12,7,"[User(username='lunaikuta', id=1211117018331566080, displayname='‚ùÄ Luna Ikuta ‚ùÄ', description=None, rawDescription=None, descriptionUrls=None, verified=None, created=None, followersCount=None, friendsCount=None, statusesCount=None, favouritesCount=None, listedCount=None, mediaCount=None, location=None, protected=None, linkUrl=None, linkTcourl=None, profileImageUrl=None, profileBannerUrl=None, label=None), User(username='SuperRare', id=980935731794403328, displayname='SuperRare üíé', description=None, rawDescription=None, descriptionUrls=None, verified=None, created=None, followersCount=None, friendsCount=None, statusesCount=None, favouritesCount=None, listedCount=None, mediaCount=None, location=None, protected=None, linkUrl=None, linkTcourl=None, profileImageUrl=None, profileBannerUrl=None, label=None)]"
23,voguesingapore,2022-01-25 13:42:42+00:00,1485971392403488769,Where would fashion fit in the world of NFTs and the metaverse? @Krista_Kim @lunaikuta #NFTCommunity,12,1,4,1,"[User(username='Krista_Kim', id=105657151, displayname='Krista Kim', description=None, rawDescription=None, descriptionUrls=None, verified=None, created=None, followersCount=None, friendsCount=None, statusesCount=None, favouritesCount=None, listedCount=None, mediaCount=None, location=None, protected=None, linkUrl=None, linkTcourl=None, profileImageUrl=None, profileBannerUrl=None, label=None), User(username='lunaikuta', id=1211117018331566080, displayname='‚ùÄ Luna Ikuta ‚ùÄ', description=None, rawDescription=None, descriptionUrls=None, verified=None, created=None, followersCount=None, friendsCount=None, statusesCount=None, favouritesCount=None, listedCount=None, mediaCount=None, location=None, protected=None, linkUrl=None, linkTcourl=None, profileImageUrl=None, profileBannerUrl=None, label=None)]"
24,voguesingapore,2022-01-25 13:02:23+00:00,1485961246184996864,"Calling all creators! Tell us about your journey into the NFT space‚Äîwhat's your story? 
@lunaikuta @Krista_Kim #NFTCommunity",10,1,2,1,"[User(username='lunaikuta', id=1211117018331566080, displayname='‚ùÄ Luna Ikuta ‚ùÄ', description=None, rawDescription=None, descriptionUrls=None, verified=None, created=None, followersCount=None, friendsCount=None, statusesCount=None, favouritesCount=None, listedCount=None, mediaCount=None, location=None, protected=None, linkUrl=None, linkTcourl=None, profileImageUrl=None, profileBannerUrl=None, label=None), User(username='Krista_Kim', id=105657151, displayname='Krista Kim', description=None, rawDescription=None, descriptionUrls=None, verified=None, created=None, followersCount=None, friendsCount=None, statusesCount=None, favouritesCount=None, listedCount=None, mediaCount=None, location=None, protected=None, linkUrl=None, linkTcourl=None, profileImageUrl=None, profileBannerUrl=None, label=None)]"
25,voguesingapore,2022-01-24 02:29:08+00:00,1485439494719684608,"For Vogue Singapore's first NFT drop for 2022, we collaborate with Luna Ikuta, in an ethereal collection titled '12 Months of Afterlife'. Stay tuned for more updates. @Krista_Kim @SuperRare @lunaikuta #VogueNFT #VogueSingapore
https://t.co/jUQobV8HxH",31,5,1,1,"[User(username='Krista_Kim', id=105657151, displayname='Krista Kim', description=None, rawDescription=None, descriptionUrls=None, verified=None, created=None, followersCount=None, friendsCount=None, statusesCount=None, favouritesCount=None, listedCount=None, mediaCount=None, location=None, protected=None, linkUrl=None, linkTcourl=None, profileImageUrl=None, profileBannerUrl=None, label=None), User(username='SuperRare', id=980935731794403328, displayname='SuperRare üíé', description=None, rawDescription=None, descriptionUrls=None, verified=None, created=None, followersCount=None, friendsCount=None, statusesCount=None, favouritesCount=None, listedCount=None, mediaCount=None, location=None, protected=None, linkUrl=None, linkTcourl=None, profileImageUrl=None, profileBannerUrl=None, label=None), User(username='lunaikuta', id=1211117018331566080, displayname='‚ùÄ Luna Ikuta ‚ùÄ', description=None, rawDescription=None, descriptionUrls=None, verified=None, created=None, followersCount=None, friendsCount=None, statusesCount=None, favouritesCount=None, listedCount=None, mediaCount=None, location=None, protected=None, linkUrl=None, linkTcourl=None, profileImageUrl=None, profileBannerUrl=None, label=None)]"
26,voguesingapore,2021-11-12 10:38:15+00:00,1459108271390801920,"Join us at the TwitterSea closing auction with @opensea - ask the #VogueSingapore team and #VogueNFTCollection artists questions on the metaverse and more @Musingmutley @ChadKnight @baelf_design @the_fab_ric_ant @shavonnewong_ @designdain @LanzavecchiaWai

https://t.co/pzUNKReC17 https://t.co/yfJUWsgEp6",19,5,0,2,"[User(username='opensea', id=946213559213555712, displayname='OpenSea', description=None, rawDescription=None, descriptionUrls=None, verified=None, created=None, followersCount=None, friendsCount=None, statusesCount=None, favouritesCount=None, listedCount=None, mediaCount=None, location=None, protected=None, linkUrl=None, linkTcourl=None, profileImageUrl=None, profileBannerUrl=None, label=None), User(username='Musingmutley', id=476791635, displayname='Norman Tan', description=None, rawDescription=None, descriptionUrls=None, verified=None, created=None, followersCount=None, friendsCount=None, statusesCount=None, favouritesCount=None, listedCount=None, mediaCount=None, location=None, protected=None, linkUrl=None, linkTcourl=None, profileImageUrl=None, profileBannerUrl=None, label=None), User(username='ChadKnight', id=19222102, displayname='KNIGHTüá∫üá¶', description=None, rawDescription=None, descriptionUrls=None, verified=None, created=None, followersCount=None, friendsCount=None, statusesCount=None, favouritesCount=None, listedCount=None, mediaCount=None, location=None, protected=None, linkUrl=None, linkTcourl=None, profileImageUrl=None, profileBannerUrl=None, label=None), User(username='baelf_design', id=1438739763855441924, displayname='baelf_design', description=None, rawDescription=None, descriptionUrls=None, verified=None, created=None, followersCount=None, friendsCount=None, statusesCount=None, favouritesCount=None, listedCount=None, mediaCount=None, location=None, protected=None, linkUrl=None, linkTcourl=None, profileImageUrl=None, profileBannerUrl=None, label=None), User(username='the_fab_ric_ant', id=1053725893666004993, displayname='The Fabricant', description=None, rawDescription=None, descriptionUrls=None, verified=None, created=None, followersCount=None, friendsCount=None, statusesCount=None, favouritesCount=None, listedCount=None, mediaCount=None, location=None, protected=None, linkUrl=None, linkTcourl=None, profileImageUrl=None, profileBannerUrl=None, label=None), User(username='shavonnewong_', id=45360564, displayname='Shavonne Wong ‚ú®(NFT Asia)| Bloom NG drop 23rd/28th', description=None, rawDescription=None, descriptionUrls=None, verified=None, created=None, followersCount=None, friendsCount=None, statusesCount=None, favouritesCount=None, listedCount=None, mediaCount=None, location=None, protected=None, linkUrl=None, linkTcourl=None, profileImageUrl=None, profileBannerUrl=None, label=None), User(username='designdain', id=193664022, displayname='Dain Yoon', description=None, rawDescription=None, descriptionUrls=None, verified=None, created=None, followersCount=None, friendsCount=None, statusesCount=None, favouritesCount=None, listedCount=None, mediaCount=None, location=None, protected=None, linkUrl=None, linkTcourl=None, profileImageUrl=None, profileBannerUrl=None, label=None), User(username='LanzavecchiaWai', id=2408741118, displayname='L + W', description=None, rawDescription=None, descriptionUrls=None, verified=None, created=None, followersCount=None, friendsCount=None, statusesCount=None, favouritesCount=None, listedCount=None, mediaCount=None, location=None, protected=None, linkUrl=None, linkTcourl=None, profileImageUrl=None, profileBannerUrl=None, label=None)]"
27,voguesingapore,2021-11-12 09:20:06+00:00,1459088603171065859,"Don't miss your chance to bid on the historic NFT covers created for #VogueSingapore's September issue‚Äîthe world's first Vogue issue dedicated to NFTs and the metaverse‚Äîon @opensea till 13 Nov, 1AM UTC  @ChadKnight @baelf_design @the_fab_ric_ant @shavonnewong_ #VogueNFTCollection https://t.co/qNSOZFfcPH",51,20,3,6,"[User(username='opensea', id=946213559213555712, displayname='OpenSea', description=None, rawDescription=None, descriptionUrls=None, verified=None, created=None, followersCount=None, friendsCount=None, statusesCount=None, favouritesCount=None, listedCount=None, mediaCount=None, location=None, protected=None, linkUrl=None, linkTcourl=None, profileImageUrl=None, profileBannerUrl=None, label=None), User(username='ChadKnight', id=19222102, displayname='KNIGHTüá∫üá¶', description=None, rawDescription=None, descriptionUrls=None, verified=None, created=None, followersCount=None, friendsCount=None, statusesCount=None, favouritesCount=None, listedCount=None, mediaCount=None, location=None, protected=None, linkUrl=None, linkTcourl=None, profileImageUrl=None, profileBannerUrl=None, label=None), User(username='baelf_design', id=1438739763855441924, displayname='baelf_design', description=None, rawDescription=None, descriptionUrls=None, verified=None, created=None, followersCount=None, friendsCount=None, statusesCount=None, favouritesCount=None, listedCount=None, mediaCount=None, location=None, protected=None, linkUrl=None, linkTcourl=None, profileImageUrl=None, profileBannerUrl=None, label=None), User(username='the_fab_ric_ant', id=1053725893666004993, displayname='The Fabricant', description=None, rawDescription=None, descriptionUrls=None, verified=None, created=None, followersCount=None, friendsCount=None, statusesCount=None, favouritesCount=None, listedCount=None, mediaCount=None, location=None, protected=None, linkUrl=None, linkTcourl=None, profileImageUrl=None, profileBannerUrl=None, label=None), User(username='shavonnewong_', id=45360564, displayname='Shavonne Wong ‚ú® (NFT Asia)', description=None, rawDescription=None, descriptionUrls=None, verified=None, created=None, followersCount=None, friendsCount=None, statusesCount=None, favouritesCount=None, listedCount=None, mediaCount=None, location=None, protected=None, linkUrl=None, linkTcourl=None, profileImageUrl=None, profileBannerUrl=None, label=None)]"
28,voguesingapore,2021-11-11 01:18:18+00:00,1458604965820178436,‚ÄúThere are 4078 petals in the creation of ‚ÄòLiving Vase 01‚Äô NFT for #Vogue‚Äù ‚Äî @LanzavecchiaWai https://t.co/6onlzZvwWg,3,2,0,0,"[User(username='LanzavecchiaWai', id=2408741118, displayname='L + W', description=None, rawDescription=None, descriptionUrls=None, verified=None, created=None, followersCount=None, friendsCount=None, statusesCount=None, favouritesCount=None, listedCount=None, mediaCount=None, location=None, protected=None, linkUrl=None, linkTcourl=None, profileImageUrl=None, profileBannerUrl=None, label=None)]"
29,voguesingapore,2021-11-11 00:15:12+00:00,1458589089972699142,Chatting all things NFT with the digital artists from the #VogueNFTIssue with @opensea ‚Äî @ChadKnight @the_fab_ric_ant @shavonnewong_ @LanzavecchiaWai @designdain  https://t.co/6onlzZvwWg,17,2,0,0,"[User(username='opensea', id=946213559213555712, displayname='OpenSea', description=None, rawDescription=None, descriptionUrls=None, verified=None, created=None, followersCount=None, friendsCount=None, statusesCount=None, favouritesCount=None, listedCount=None, mediaCount=None, location=None, protected=None, linkUrl=None, linkTcourl=None, profileImageUrl=None, profileBannerUrl=None, label=None), User(username='ChadKnight', id=19222102, displayname='KNIGHTüá∫üá¶', description=None, rawDescription=None, descriptionUrls=None, verified=None, created=None, followersCount=None, friendsCount=None, statusesCount=None, favouritesCount=None, listedCount=None, mediaCount=None, location=None, protected=None, linkUrl=None, linkTcourl=None, profileImageUrl=None, profileBannerUrl=None, label=None), User(username='the_fab_ric_ant', id=1053725893666004993, displayname='The Fabricant', description=None, rawDescription=None, descriptionUrls=None, verified=None, created=None, followersCount=None, friendsCount=None, statusesCount=None, favouritesCount=None, listedCount=None, mediaCount=None, location=None, protected=None, linkUrl=None, linkTcourl=None, profileImageUrl=None, profileBannerUrl=None, label=None), User(username='shavonnewong_', id=45360564, displayname='Shavonne Wong ‚ú® (NFT Asia)', description=None, rawDescription=None, descriptionUrls=None, verified=None, created=None, followersCount=None, friendsCount=None, statusesCount=None, favouritesCount=None, listedCount=None, mediaCount=None, location=None, protected=None, linkUrl=None, linkTcourl=None, profileImageUrl=None, profileBannerUrl=None, label=None), User(username='LanzavecchiaWai', id=2408741118, displayname='L + W', description=None, rawDescription=None, descriptionUrls=None, verified=None, created=None, followersCount=None, friendsCount=None, statusesCount=None, favouritesCount=None, listedCount=None, mediaCount=None, location=None, protected=None, linkUrl=None, linkTcourl=None, profileImageUrl=None, profileBannerUrl=None, label=None), User(username='designdain', id=193664022, displayname='Dain Yoon', description=None, rawDescription=None, descriptionUrls=None, verified=None, created=None, followersCount=None, friendsCount=None, statusesCount=None, favouritesCount=None, listedCount=None, mediaCount=None, location=None, protected=None, linkUrl=None, linkTcourl=None, profileImageUrl=None, profileBannerUrl=None, label=None)]"
30,voguesingapore,2021-11-09 10:00:00+00:00,1458011481572732930,"@LanzavecchiaWai's NFT artwork for #VogueSingapore sees the design duo ""playing God"" with flowers using blockchain technology. Except, they don't think their creation can be considered art. Here's why:

https://t.co/MzembolwVU",0,0,1,0,"[User(username='LanzavecchiaWai', id=2408741118, displayname='L + W', description=None, rawDescription=None, descriptionUrls=None, verified=None, created=None, followersCount=None, friendsCount=None, statusesCount=None, favouritesCount=None, listedCount=None, mediaCount=None, location=None, protected=None, linkUrl=None, linkTcourl=None, profileImageUrl=None, profileBannerUrl=None, label=None)]"
31,voguesingapore,2021-11-09 07:00:01+00:00,1457966186117967874,"Mark your calendars: The #VogueSingapore NFT collection will soon be available on Ethereum-based platform @opensea üìÖ

@ChadKnight @baelf_design @the_fab_ric_ant @amberjae93 @shavonnewong_ @LanzavecchiaWai @designdain https://t.co/wS9TihAAa2",56,17,4,5,"[User(username='opensea', id=946213559213555712, displayname='OpenSea', description=None, rawDescription=None, descriptionUrls=None, verified=None, created=None, followersCount=None, friendsCount=None, statusesCount=None, favouritesCount=None, listedCount=None, mediaCount=None, location=None, protected=None, linkUrl=None, linkTcourl=None, profileImageUrl=None, profileBannerUrl=None, label=None), User(username='ChadKnight', id=19222102, displayname='KNIGHTüá∫üá¶', description=None, rawDescription=None, descriptionUrls=None, verified=None, created=None, followersCount=None, friendsCount=None, statusesCount=None, favouritesCount=None, listedCount=None, mediaCount=None, location=None, protected=None, linkUrl=None, linkTcourl=None, profileImageUrl=None, profileBannerUrl=None, label=None), User(username='baelf_design', id=1438739763855441924, displayname='baelf_design', description=None, rawDescription=None, descriptionUrls=None, verified=None, created=None, followersCount=None, friendsCount=None, statusesCount=None, favouritesCount=None, listedCount=None, mediaCount=None, location=None, protected=None, linkUrl=None, linkTcourl=None, profileImageUrl=None, profileBannerUrl=None, label=None), User(username='the_fab_ric_ant', id=1053725893666004993, displayname='The Fabricant', description=None, rawDescription=None, descriptionUrls=None, verified=None, created=None, followersCount=None, friendsCount=None, statusesCount=None, favouritesCount=None, listedCount=None, mediaCount=None, location=None, protected=None, linkUrl=None, linkTcourl=None, profileImageUrl=None, profileBannerUrl=None, label=None), User(username='amberjae93', id=47398181, displayname='Amber Jae', description=None, rawDescription=None, descriptionUrls=None, verified=None, created=None, followersCount=None, friendsCount=None, statusesCount=None, favouritesCount=None, listedCount=None, mediaCount=None, location=None, protected=None, linkUrl=None, linkTcourl=None, profileImageUrl=None, profileBannerUrl=None, label=None), User(username='shavonnewong_', id=45360564, displayname='Shavonne Wong ‚ú®(NFT Asia)| Bloom NG drop 23rd/28th', description=None, rawDescription=None, descriptionUrls=None, verified=None, created=None, followersCount=None, friendsCount=None, statusesCount=None, favouritesCount=None, listedCount=None, mediaCount=None, location=None, protected=None, linkUrl=None, linkTcourl=None, profileImageUrl=None, profileBannerUrl=None, label=None), User(username='LanzavecchiaWai', id=2408741118, displayname='L + W', description=None, rawDescription=None, descriptionUrls=None, verified=None, created=None, followersCount=None, friendsCount=None, statusesCount=None, favouritesCount=None, listedCount=None, mediaCount=None, location=None, protected=None, linkUrl=None, linkTcourl=None, profileImageUrl=None, profileBannerUrl=None, label=None), User(username='designdain', id=193664022, displayname='Dain Yoon', description=None, rawDescription=None, descriptionUrls=None, verified=None, created=None, followersCount=None, friendsCount=None, statusesCount=None, favouritesCount=None, listedCount=None, mediaCount=None, location=None, protected=None, linkUrl=None, linkTcourl=None, profileImageUrl=None, profileBannerUrl=None, label=None)]"
32,voguesingapore,2021-10-06 05:00:00+00:00,1445614797047963648,"At the intimate session hosted by @GlenfiddichSMW in partnership with Vogue Singapore, fashion photographer and digital artist Shavonne Wong shared her top tips for becoming an NFT artist.

https://t.co/J2N4HHZpsf",4,1,0,0,"[User(username='GlenfiddichSMW', id=196102409, displayname='Glenfiddich Whisky', description=None, rawDescription=None, descriptionUrls=None, verified=None, created=None, followersCount=None, friendsCount=None, statusesCount=None, favouritesCount=None, listedCount=None, mediaCount=None, location=None, protected=None, linkUrl=None, linkTcourl=None, profileImageUrl=None, profileBannerUrl=None, label=None)]"
33,voguesingapore,2021-09-22 01:40:00+00:00,1440491034153140232,"(3/3) If the winning bid surpasses 75BNB, the collector of the 'Flame Dress' NFT by @Balmain will also be able to redeem:

üì∏1 x virtual photo look by @dressxcom 

üëâhttps://t.co/5gillQ6ZYs

@Brytehall @TheBinanceNFT @NFKingsPro #VogueNFTIssue #VogueNFTCollection https://t.co/GvpEQrfsWI",5,2,0,0,"[User(username='Balmain', id=549470860, displayname='Balmain', description=None, rawDescription=None, descriptionUrls=None, verified=None, created=None, followersCount=None, friendsCount=None, statusesCount=None, favouritesCount=None, listedCount=None, mediaCount=None, location=None, protected=None, linkUrl=None, linkTcourl=None, profileImageUrl=None, profileBannerUrl=None, label=None), User(username='dressxcom', id=1288177973745446912, displayname='DRESSX', description=None, rawDescription=None, descriptionUrls=None, verified=None, created=None, followersCount=None, friendsCount=None, statusesCount=None, favouritesCount=None, listedCount=None, mediaCount=None, location=None, protected=None, linkUrl=None, linkTcourl=None, profileImageUrl=None, profileBannerUrl=None, label=None), User(username='Brytehall', id=1422067925381312516, displayname='Brytehall', description=None, rawDescription=None, descriptionUrls=None, verified=None, created=None, followersCount=None, friendsCount=None, statusesCount=None, favouritesCount=None, listedCount=None, mediaCount=None, location=None, protected=None, linkUrl=None, linkTcourl=None, profileImageUrl=None, profileBannerUrl=None, label=None), User(username='TheBinanceNFT', id=1400391752368992260, displayname='Binance NFT', description=None, rawDescription=None, descriptionUrls=None, verified=None, created=None, followersCount=None, friendsCount=None, statusesCount=None, favouritesCount=None, listedCount=None, mediaCount=None, location=None, protected=None, linkUrl=None, linkTcourl=None, profileImageUrl=None, profileBannerUrl=None, label=None), User(username='NFKingsPro', id=1401776397450940416, displayname='NFKings', description=None, rawDescription=None, descriptionUrls=None, verified=None, created=None, followersCount=None, friendsCount=None, statusesCount=None, favouritesCount=None, listedCount=None, mediaCount=None, location=None, protected=None, linkUrl=None, linkTcourl=None, profileImageUrl=None, profileBannerUrl=None, label=None)]"
34,voguesingapore,2021-09-22 01:33:43+00:00,1440489454754414598,"(2/3) The winning bidder of the 'Flame Dress' NFT by @Balmain will also be able to:

üëóredeem the virtual dress in #ALTAVA's Worlds of You fashion gaming app 
üëówear the Virtual Dress in AR on the @dressxcom app

üëâhttps://t.co/5gillQ6ZYs

@Brytehall @TheBinanceNFT @NFKingsPro https://t.co/tqUgC7fIe2",102,36,19,3,"[User(username='Balmain', id=549470860, displayname='Balmain', description=None, rawDescription=None, descriptionUrls=None, verified=None, created=None, followersCount=None, friendsCount=None, statusesCount=None, favouritesCount=None, listedCount=None, mediaCount=None, location=None, protected=None, linkUrl=None, linkTcourl=None, profileImageUrl=None, profileBannerUrl=None, label=None), User(username='dressxcom', id=1288177973745446912, displayname='DRESSX', description=None, rawDescription=None, descriptionUrls=None, verified=None, created=None, followersCount=None, friendsCount=None, statusesCount=None, favouritesCount=None, listedCount=None, mediaCount=None, location=None, protected=None, linkUrl=None, linkTcourl=None, profileImageUrl=None, profileBannerUrl=None, label=None), User(username='Brytehall', id=1422067925381312516, displayname='Brytehall', description=None, rawDescription=None, descriptionUrls=None, verified=None, created=None, followersCount=None, friendsCount=None, statusesCount=None, favouritesCount=None, listedCount=None, mediaCount=None, location=None, protected=None, linkUrl=None, linkTcourl=None, profileImageUrl=None, profileBannerUrl=None, label=None), User(username='TheBinanceNFT', id=1400391752368992260, displayname='Binance NFT', description=None, rawDescription=None, descriptionUrls=None, verified=None, created=None, followersCount=None, friendsCount=None, statusesCount=None, favouritesCount=None, listedCount=None, mediaCount=None, location=None, protected=None, linkUrl=None, linkTcourl=None, profileImageUrl=None, profileBannerUrl=None, label=None), User(username='NFKingsPro', id=1401776397450940416, displayname='NFKings', description=None, rawDescription=None, descriptionUrls=None, verified=None, created=None, followersCount=None, friendsCount=None, statusesCount=None, favouritesCount=None, listedCount=None, mediaCount=None, location=None, protected=None, linkUrl=None, linkTcourl=None, profileImageUrl=None, profileBannerUrl=None, label=None)]"
35,voguesingapore,2021-09-22 01:00:00+00:00,1440480968222126080,"(1/3) ICYMI, the winning bidder of the 'Flame Dress' NFT by @Balmain receives:

üëó1 x NFT artwork
üìù2 x Olivier Rousteing‚Äôs sketches of the dress
üìπ1 x 'Flame Dress' animation video &amp; authenticity certificate card

üëâhttps://t.co/5gillPPp6U

@Brytehall @TheBinanceNFT @NFKingsPro https://t.co/dnqgH7iC5F",13,7,1,0,"[User(username='Balmain', id=549470860, displayname='Balmain', description=None, rawDescription=None, descriptionUrls=None, verified=None, created=None, followersCount=None, friendsCount=None, statusesCount=None, favouritesCount=None, listedCount=None, mediaCount=None, location=None, protected=None, linkUrl=None, linkTcourl=None, profileImageUrl=None, profileBannerUrl=None, label=None), User(username='Brytehall', id=1422067925381312516, displayname='Brytehall', description=None, rawDescription=None, descriptionUrls=None, verified=None, created=None, followersCount=None, friendsCount=None, statusesCount=None, favouritesCount=None, listedCount=None, mediaCount=None, location=None, protected=None, linkUrl=None, linkTcourl=None, profileImageUrl=None, profileBannerUrl=None, label=None), User(username='TheBinanceNFT', id=1400391752368992260, displayname='Binance NFT', description=None, rawDescription=None, descriptionUrls=None, verified=None, created=None, followersCount=None, friendsCount=None, statusesCount=None, favouritesCount=None, listedCount=None, mediaCount=None, location=None, protected=None, linkUrl=None, linkTcourl=None, profileImageUrl=None, profileBannerUrl=None, label=None), User(username='NFKingsPro', id=1401776397450940416, displayname='NFKings', description=None, rawDescription=None, descriptionUrls=None, verified=None, created=None, followersCount=None, friendsCount=None, statusesCount=None, favouritesCount=None, listedCount=None, mediaCount=None, location=None, protected=None, linkUrl=None, linkTcourl=None, profileImageUrl=None, profileBannerUrl=None, label=None)]"
36,voguesingapore,2021-09-20 13:00:49+00:00,1439937593278222340,"Own a part of fashion and art history: the Vogue Singapore September NFT collection is live &amp; available for auction:

https://t.co/5gillQ6ZYs

@brytehall @TheBinanceNFT @ChadKnight @baelf_design @the_fab_ric_ant @shavonnewong_ @Balmain #altavagroup @designdain #lanzavecchiaandwai https://t.co/C5rtOlZCIn",82,16,7,4,"[User(username='Brytehall', id=1422067925381312516, displayname='Brytehall', description=None, rawDescription=None, descriptionUrls=None, verified=None, created=None, followersCount=None, friendsCount=None, statusesCount=None, favouritesCount=None, listedCount=None, mediaCount=None, location=None, protected=None, linkUrl=None, linkTcourl=None, profileImageUrl=None, profileBannerUrl=None, label=None), User(username='TheBinanceNFT', id=1400391752368992260, displayname='Binance NFT', description=None, rawDescription=None, descriptionUrls=None, verified=None, created=None, followersCount=None, friendsCount=None, statusesCount=None, favouritesCount=None, listedCount=None, mediaCount=None, location=None, protected=None, linkUrl=None, linkTcourl=None, profileImageUrl=None, profileBannerUrl=None, label=None), User(username='ChadKnight', id=19222102, displayname='KNIGHTüá∫üá¶', description=None, rawDescription=None, descriptionUrls=None, verified=None, created=None, followersCount=None, friendsCount=None, statusesCount=None, favouritesCount=None, listedCount=None, mediaCount=None, location=None, protected=None, linkUrl=None, linkTcourl=None, profileImageUrl=None, profileBannerUrl=None, label=None), User(username='baelf_design', id=1438739763855441924, displayname='baelf_design', description=None, rawDescription=None, descriptionUrls=None, verified=None, created=None, followersCount=None, friendsCount=None, statusesCount=None, favouritesCount=None, listedCount=None, mediaCount=None, location=None, protected=None, linkUrl=None, linkTcourl=None, profileImageUrl=None, profileBannerUrl=None, label=None), User(username='the_fab_ric_ant', id=1053725893666004993, displayname='The Fabricant', description=None, rawDescription=None, descriptionUrls=None, verified=None, created=None, followersCount=None, friendsCount=None, statusesCount=None, favouritesCount=None, listedCount=None, mediaCount=None, location=None, protected=None, linkUrl=None, linkTcourl=None, profileImageUrl=None, profileBannerUrl=None, label=None), User(username='shavonnewong_', id=45360564, displayname='Shavonne Wong ‚ú®(NFT Asia)| Bloom NG drop 23rd/28th', description=None, rawDescription=None, descriptionUrls=None, verified=None, created=None, followersCount=None, friendsCount=None, statusesCount=None, favouritesCount=None, listedCount=None, mediaCount=None, location=None, protected=None, linkUrl=None, linkTcourl=None, profileImageUrl=None, profileBannerUrl=None, label=None), User(username='Balmain', id=549470860, displayname='Balmain', description=None, rawDescription=None, descriptionUrls=None, verified=None, created=None, followersCount=None, friendsCount=None, statusesCount=None, favouritesCount=None, listedCount=None, mediaCount=None, location=None, protected=None, linkUrl=None, linkTcourl=None, profileImageUrl=None, profileBannerUrl=None, label=None), User(username='designdain', id=193664022, displayname='Dain Yoon', description=None, rawDescription=None, descriptionUrls=None, verified=None, created=None, followersCount=None, friendsCount=None, statusesCount=None, favouritesCount=None, listedCount=None, mediaCount=None, location=None, protected=None, linkUrl=None, linkTcourl=None, profileImageUrl=None, profileBannerUrl=None, label=None)]"
37,voguesingapore,2021-09-20 08:00:01+00:00,1439861892080541702,"‚è∞ Set a reminder: The Vogue Singapore September NFT collection of art, design, fashion and beauty NFTs will be available for auction on @TheBinanceNFT marketplace from 20 September 8PM SGT to 25 September 8PM SGT @brytehall 

https://t.co/5gillQ6ZYs",22,3,2,2,"[User(username='TheBinanceNFT', id=1400391752368992260, displayname='Binance NFT', description=None, rawDescription=None, descriptionUrls=None, verified=None, created=None, followersCount=None, friendsCount=None, statusesCount=None, favouritesCount=None, listedCount=None, mediaCount=None, location=None, protected=None, linkUrl=None, linkTcourl=None, profileImageUrl=None, profileBannerUrl=None, label=None), User(username='Brytehall', id=1422067925381312516, displayname='Brytehall', description=None, rawDescription=None, descriptionUrls=None, verified=None, created=None, followersCount=None, friendsCount=None, statusesCount=None, favouritesCount=None, listedCount=None, mediaCount=None, location=None, protected=None, linkUrl=None, linkTcourl=None, profileImageUrl=None, profileBannerUrl=None, label=None)]"
38,voguesingapore,2021-09-19 12:35:01+00:00,1439568714072932355,NFT artist @ChadKnightwas a skateboarder before entering the metaverse. He is also a 3D designer at @Nike - man of many talents  #VogueNFTIssue https://t.co/qgSeS4zWV0,1,0,0,0,"[User(username='Nike', id=415859364, displayname='Nike', description=None, rawDescription=None, descriptionUrls=None, verified=None, created=None, followersCount=None, friendsCount=None, statusesCount=None, favouritesCount=None, listedCount=None, mediaCount=None, location=None, protected=None, linkUrl=None, linkTcourl=None, profileImageUrl=None, profileBannerUrl=None, label=None)]"
39,voguesingapore,2021-09-19 12:17:30+00:00,1439564304806649859,Did you know that @shavonnewong_ was an established fashion photographer in Singapore - appeared on Asia‚Äôs Next Top Model and featured in @BritishVogue - before becoming an NFT artist? #VogueNFTIssue https://t.co/qgSeS4zWV0,2,1,0,0,"[User(username='shavonnewong_', id=45360564, displayname='Shavonne Wong ‚ú®(NFT Asia)| Bloom NG drop 23rd/28th', description=None, rawDescription=None, descriptionUrls=None, verified=None, created=None, followersCount=None, friendsCount=None, statusesCount=None, favouritesCount=None, listedCount=None, mediaCount=None, location=None, protected=None, linkUrl=None, linkTcourl=None, profileImageUrl=None, profileBannerUrl=None, label=None), User(username='BritishVogue', id=27844479, displayname='British Vogue', description=None, rawDescription=None, descriptionUrls=None, verified=None, created=None, followersCount=None, friendsCount=None, statusesCount=None, favouritesCount=None, listedCount=None, mediaCount=None, location=None, protected=None, linkUrl=None, linkTcourl=None, profileImageUrl=None, profileBannerUrl=None, label=None)]"
40,voguesingapore,2021-09-19 12:07:47+00:00,1439561859045101572,"Join us live with @ChadKnight @shavonnewong_ @the_fab_ric_ant and #BaelfDesign as we discuss #VogueSingapore September NFT covers and the historic #VogueNFTIssue

https://t.co/qgSeS4zWV0",0,0,0,0,"[User(username='ChadKnight', id=19222102, displayname='KNIGHTüá∫üá¶', description=None, rawDescription=None, descriptionUrls=None, verified=None, created=None, followersCount=None, friendsCount=None, statusesCount=None, favouritesCount=None, listedCount=None, mediaCount=None, location=None, protected=None, linkUrl=None, linkTcourl=None, profileImageUrl=None, profileBannerUrl=None, label=None), User(username='shavonnewong_', id=45360564, displayname='Shavonne Wong ‚ú®(NFT Asia)| Bloom NG drop 23rd/28th', description=None, rawDescription=None, descriptionUrls=None, verified=None, created=None, followersCount=None, friendsCount=None, statusesCount=None, favouritesCount=None, listedCount=None, mediaCount=None, location=None, protected=None, linkUrl=None, linkTcourl=None, profileImageUrl=None, profileBannerUrl=None, label=None), User(username='the_fab_ric_ant', id=1053725893666004993, displayname='The Fabricant', description=None, rawDescription=None, descriptionUrls=None, verified=None, created=None, followersCount=None, friendsCount=None, statusesCount=None, favouritesCount=None, listedCount=None, mediaCount=None, location=None, protected=None, linkUrl=None, linkTcourl=None, profileImageUrl=None, profileBannerUrl=None, label=None)]"
41,voguesingapore,2021-09-18 04:00:00+00:00,1439076714705981441,"üëóüî•Olivier Rousteing of @Balmain designed a virtual-only 'Flame Dress' exclusively for Vogue Singapore for our #VogueNFTissue

‚è∞ The NFT artwork will be available for purchase via 
@brytehall @TheBinanceNFT on 20/9, 12pm

https://t.co/UZXTOVfmXR",6,2,0,0,"[User(username='Balmain', id=549470860, displayname='Balmain', description=None, rawDescription=None, descriptionUrls=None, verified=None, created=None, followersCount=None, friendsCount=None, statusesCount=None, favouritesCount=None, listedCount=None, mediaCount=None, location=None, protected=None, linkUrl=None, linkTcourl=None, profileImageUrl=None, profileBannerUrl=None, label=None), User(username='Brytehall', id=1422067925381312516, displayname='Brytehall', description=None, rawDescription=None, descriptionUrls=None, verified=None, created=None, followersCount=None, friendsCount=None, statusesCount=None, favouritesCount=None, listedCount=None, mediaCount=None, location=None, protected=None, linkUrl=None, linkTcourl=None, profileImageUrl=None, profileBannerUrl=None, label=None), User(username='TheBinanceNFT', id=1400391752368992260, displayname='Binance NFT', description=None, rawDescription=None, descriptionUrls=None, verified=None, created=None, followersCount=None, friendsCount=None, statusesCount=None, favouritesCount=None, listedCount=None, mediaCount=None, location=None, protected=None, linkUrl=None, linkTcourl=None, profileImageUrl=None, profileBannerUrl=None, label=None)]"
42,voguesingapore,2021-09-17 07:00:03+00:00,1438759637629784067,"üåÖHere‚Äôs your chance to own Vogue Singapore‚Äôs two September digital covers, along with the rest of the Vogue Singapore September NFT collection, as NFTs

‚è∞ Find out how to take part in the auction on 20/9 at 12pm SGT via @brytehall @TheBinanceNFT here: 

https://t.co/NWoYhDAcz6 https://t.co/vPLPIksjV8",9,3,1,0,"[User(username='Brytehall', id=1422067925381312516, displayname='Brytehall', description=None, rawDescription=None, descriptionUrls=None, verified=None, created=None, followersCount=None, friendsCount=None, statusesCount=None, favouritesCount=None, listedCount=None, mediaCount=None, location=None, protected=None, linkUrl=None, linkTcourl=None, profileImageUrl=None, profileBannerUrl=None, label=None), User(username='TheBinanceNFT', id=1400391752368992260, displayname='Binance NFT', description=None, rawDescription=None, descriptionUrls=None, verified=None, created=None, followersCount=None, friendsCount=None, statusesCount=None, favouritesCount=None, listedCount=None, mediaCount=None, location=None, protected=None, linkUrl=None, linkTcourl=None, profileImageUrl=None, profileBannerUrl=None, label=None)]"
43,voguesingapore,2021-09-17 06:00:00+00:00,1438744528027009026,"Singapore-Italian design duo Lanzavecchia + Wai  created a digitally-rendered NFT of a vase made up of blooms, aptly named ‚ÄòLiving Vase 01‚Äô, for our #VogueNFTissue

The NFT artwork will be available for purchase via @brytehall @TheBinanceNFT on 20/9, 12pm

https://t.co/MzemboD8ku",3,1,0,0,"[User(username='Brytehall', id=1422067925381312516, displayname='Brytehall', description=None, rawDescription=None, descriptionUrls=None, verified=None, created=None, followersCount=None, friendsCount=None, statusesCount=None, favouritesCount=None, listedCount=None, mediaCount=None, location=None, protected=None, linkUrl=None, linkTcourl=None, profileImageUrl=None, profileBannerUrl=None, label=None), User(username='TheBinanceNFT', id=1400391752368992260, displayname='Binance NFT', description=None, rawDescription=None, descriptionUrls=None, verified=None, created=None, followersCount=None, friendsCount=None, statusesCount=None, favouritesCount=None, listedCount=None, mediaCount=None, location=None, protected=None, linkUrl=None, linkTcourl=None, profileImageUrl=None, profileBannerUrl=None, label=None)]"
44,voguesingapore,2021-09-16 08:05:57+00:00,1438413836978032641,"üí´Join Vogue Singapore on Twitter Spaces this Sunday, 19/9 at 8PM SGT/ 12PM UTC

üåÖHear from the artists behind our 2 NFT covers: @ChadKnight @shavonnewong_ @the_fab_ric_ant @Musingmutley @brytehall @TheBinanceNFT  

‚è∞Click here to set a reminder: https://t.co/42AM6DNkZm https://t.co/ojRnJqz0HU",7,3,0,1,"[User(username='ChadKnight', id=19222102, displayname='KNIGHTüá∫üá¶', description=None, rawDescription=None, descriptionUrls=None, verified=None, created=None, followersCount=None, friendsCount=None, statusesCount=None, favouritesCount=None, listedCount=None, mediaCount=None, location=None, protected=None, linkUrl=None, linkTcourl=None, profileImageUrl=None, profileBannerUrl=None, label=None), User(username='shavonnewong_', id=45360564, displayname='Shavonne Wong ‚ú®(NFT Asia)| Bloom NG drop 23rd/28th', description=None, rawDescription=None, descriptionUrls=None, verified=None, created=None, followersCount=None, friendsCount=None, statusesCount=None, favouritesCount=None, listedCount=None, mediaCount=None, location=None, protected=None, linkUrl=None, linkTcourl=None, profileImageUrl=None, profileBannerUrl=None, label=None), User(username='the_fab_ric_ant', id=1053725893666004993, displayname='The Fabricant', description=None, rawDescription=None, descriptionUrls=None, verified=None, created=None, followersCount=None, friendsCount=None, statusesCount=None, favouritesCount=None, listedCount=None, mediaCount=None, location=None, protected=None, linkUrl=None, linkTcourl=None, profileImageUrl=None, profileBannerUrl=None, label=None), User(username='Musingmutley', id=476791635, displayname='Norman Tan', description=None, rawDescription=None, descriptionUrls=None, verified=None, created=None, followersCount=None, friendsCount=None, statusesCount=None, favouritesCount=None, listedCount=None, mediaCount=None, location=None, protected=None, linkUrl=None, linkTcourl=None, profileImageUrl=None, profileBannerUrl=None, label=None), User(username='Brytehall', id=1422067925381312516, displayname='Brytehall', description=None, rawDescription=None, descriptionUrls=None, verified=None, created=None, followersCount=None, friendsCount=None, statusesCount=None, favouritesCount=None, listedCount=None, mediaCount=None, location=None, protected=None, linkUrl=None, linkTcourl=None, profileImageUrl=None, profileBannerUrl=None, label=None), User(username='TheBinanceNFT', id=1400391752368992260, displayname='Binance NFT', description=None, rawDescription=None, descriptionUrls=None, verified=None, created=None, followersCount=None, friendsCount=None, statusesCount=None, favouritesCount=None, listedCount=None, mediaCount=None, location=None, protected=None, linkUrl=None, linkTcourl=None, profileImageUrl=None, profileBannerUrl=None, label=None)]"
45,voguesingapore,2021-09-01 10:15:00+00:00,1433010493308932101,"‚åö Congrats to the 2 winners of the Vogue Mystery Box lucky draw! You'll receive a timepiece from Swiss independent luxury watch brand, Graham Watchmakers. 

‚è≥ Thanks to all who took part. Stay tuned for the Vogue Singapore September NFT collection launching on 20/9 @brytehall",5,2,2,0,"[User(username='Brytehall', id=1422067925381312516, displayname='Brytehall', description=None, rawDescription=None, descriptionUrls=None, verified=None, created=None, followersCount=None, friendsCount=None, statusesCount=None, favouritesCount=None, listedCount=None, mediaCount=None, location=None, protected=None, linkUrl=None, linkTcourl=None, profileImageUrl=None, profileBannerUrl=None, label=None)]"
46,voguesingapore,2021-08-25 06:45:12+00:00,1430420979956682754,"Vogue Singapore's September issue is dedicated to NFTs üåÖ https://t.co/hBGvSmixkV

Enter our fashion metaverse to discover 2 virtual-only covers‚Äîavailable for purchase as one-of-one NFTs‚Äîcreated in collaboration with @ChadKnight
#baelfdesign @the_fab_ric_ant @shavonnewong_ ‚ö°Ô∏è https://t.co/E7JjBu4IOe",83,39,10,16,"[User(username='ChadKnight', id=19222102, displayname='KNIGHTüá∫üá¶', description=None, rawDescription=None, descriptionUrls=None, verified=None, created=None, followersCount=None, friendsCount=None, statusesCount=None, favouritesCount=None, listedCount=None, mediaCount=None, location=None, protected=None, linkUrl=None, linkTcourl=None, profileImageUrl=None, profileBannerUrl=None, label=None), User(username='the_fab_ric_ant', id=1053725893666004993, displayname='The Fabricant', description=None, rawDescription=None, descriptionUrls=None, verified=None, created=None, followersCount=None, friendsCount=None, statusesCount=None, favouritesCount=None, listedCount=None, mediaCount=None, location=None, protected=None, linkUrl=None, linkTcourl=None, profileImageUrl=None, profileBannerUrl=None, label=None), User(username='shavonnewong_', id=45360564, displayname='Shavonne Wong ‚ú® (NFT Asia)', description=None, rawDescription=None, descriptionUrls=None, verified=None, created=None, followersCount=None, friendsCount=None, statusesCount=None, favouritesCount=None, listedCount=None, mediaCount=None, location=None, protected=None, linkUrl=None, linkTcourl=None, profileImageUrl=None, profileBannerUrl=None, label=None)]"
47,voguesingapore,2021-08-24 02:00:00+00:00,1429986819823783938,"Head of NFT at @binance Helen Hai answers all your questions about what NFTs really are, what a layman can do with them and how they can help artists and creators make a better living. @TheBinanceNFT 

https://t.co/UQp9JiBpWl",14,10,2,0,"[User(username='binance', id=877807935493033984, displayname='Binance', description=None, rawDescription=None, descriptionUrls=None, verified=None, created=None, followersCount=None, friendsCount=None, statusesCount=None, favouritesCount=None, listedCount=None, mediaCount=None, location=None, protected=None, linkUrl=None, linkTcourl=None, profileImageUrl=None, profileBannerUrl=None, label=None), User(username='TheBinanceNFT', id=1400391752368992260, displayname='Binance NFT', description=None, rawDescription=None, descriptionUrls=None, verified=None, created=None, followersCount=None, friendsCount=None, statusesCount=None, favouritesCount=None, listedCount=None, mediaCount=None, location=None, protected=None, linkUrl=None, linkTcourl=None, profileImageUrl=None, profileBannerUrl=None, label=None)]"
48,voguesingapore,2021-08-20 08:30:00+00:00,1428635415314149377,"‚è≥ The Vogue Singapore mystery box in partnership with @brytehall @NFKingsPro drops on @TheBinanceNFT at 7pm tonight! @RARA_NFT 

üëÄ Here's a full look at all 10 cities in the Mystery Box set ‚¨áÔ∏è

https://t.co/M6ZS7dqPy8",34,15,5,7,"[User(username='Brytehall', id=1422067925381312516, displayname='Brytehall', description=None, rawDescription=None, descriptionUrls=None, verified=None, created=None, followersCount=None, friendsCount=None, statusesCount=None, favouritesCount=None, listedCount=None, mediaCount=None, location=None, protected=None, linkUrl=None, linkTcourl=None, profileImageUrl=None, profileBannerUrl=None, label=None), User(username='NFKingsPro', id=1401776397450940416, displayname='NFKings', description=None, rawDescription=None, descriptionUrls=None, verified=None, created=None, followersCount=None, friendsCount=None, statusesCount=None, favouritesCount=None, listedCount=None, mediaCount=None, location=None, protected=None, linkUrl=None, linkTcourl=None, profileImageUrl=None, profileBannerUrl=None, label=None), User(username='TheBinanceNFT', id=1400391752368992260, displayname='Binance NFT', description=None, rawDescription=None, descriptionUrls=None, verified=None, created=None, followersCount=None, friendsCount=None, statusesCount=None, favouritesCount=None, listedCount=None, mediaCount=None, location=None, protected=None, linkUrl=None, linkTcourl=None, profileImageUrl=None, profileBannerUrl=None, label=None), User(username='RARA_NFT', id=1401840729240993795, displayname='RARA #NFT #BSC', description=None, rawDescription=None, descriptionUrls=None, verified=None, created=None, followersCount=None, friendsCount=None, statusesCount=None, favouritesCount=None, listedCount=None, mediaCount=None, location=None, protected=None, linkUrl=None, linkTcourl=None, profileImageUrl=None, profileBannerUrl=None, label=None)]"
49,voguesingapore,2021-08-19 11:00:01+00:00,1428310782182182916,"The cat‚Äôs out of the bag; or rather, the astronaut‚Äôs out of the box üë©‚ÄçüöÄüì¶ @binance @TheBinanceNFT @NFKingsPro @brytehall @RARA_NFT @RobotPlayGrd 

https://t.co/M6ZS7dIqpG",65,30,13,3,"[User(username='binance', id=877807935493033984, displayname='Binance', description=None, rawDescription=None, descriptionUrls=None, verified=None, created=None, followersCount=None, friendsCount=None, statusesCount=None, favouritesCount=None, listedCount=None, mediaCount=None, location=None, protected=None, linkUrl=None, linkTcourl=None, profileImageUrl=None, profileBannerUrl=None, label=None), User(username='TheBinanceNFT', id=1400391752368992260, displayname='Binance NFT', description=None, rawDescription=None, descriptionUrls=None, verified=None, created=None, followersCount=None, friendsCount=None, statusesCount=None, favouritesCount=None, listedCount=None, mediaCount=None, location=None, protected=None, linkUrl=None, linkTcourl=None, profileImageUrl=None, profileBannerUrl=None, label=None), User(username='NFKingsPro', id=1401776397450940416, displayname='NFKings', description=None, rawDescription=None, descriptionUrls=None, verified=None, created=None, followersCount=None, friendsCount=None, statusesCount=None, favouritesCount=None, listedCount=None, mediaCount=None, location=None, protected=None, linkUrl=None, linkTcourl=None, profileImageUrl=None, profileBannerUrl=None, label=None), User(username='Brytehall', id=1422067925381312516, displayname='Brytehall', description=None, rawDescription=None, descriptionUrls=None, verified=None, created=None, followersCount=None, friendsCount=None, statusesCount=None, favouritesCount=None, listedCount=None, mediaCount=None, location=None, protected=None, linkUrl=None, linkTcourl=None, profileImageUrl=None, profileBannerUrl=None, label=None), User(username='RARA_NFT', id=1401840729240993795, displayname='RARA #NFT #BSC', description=None, rawDescription=None, descriptionUrls=None, verified=None, created=None, followersCount=None, friendsCount=None, statusesCount=None, favouritesCount=None, listedCount=None, mediaCount=None, location=None, protected=None, linkUrl=None, linkTcourl=None, profileImageUrl=None, profileBannerUrl=None, label=None), User(username='RobotPlayGrd', id=1179340248356028416, displayname='Robot Playground Media', description=None, rawDescription=None, descriptionUrls=None, verified=None, created=None, followersCount=None, friendsCount=None, statusesCount=None, favouritesCount=None, listedCount=None, mediaCount=None, location=None, protected=None, linkUrl=None, linkTcourl=None, profileImageUrl=None, profileBannerUrl=None, label=None)]"
50,voguesingapore,2021-08-18 09:00:02+00:00,1427918196422725634,"(3/3)

üé∞ üè® Obtain 3 super super rare city cards from the Vogue Singapore Mystery Box, and you'll also have the chance to join a lucky draw to win 1 of 3 staycations (each worth US$409) with #Hotelux. @Binance @BinanceNFT @NFKingsPro @RARA_NFT @brytehall",10,4,1,0,"[User(username='binance', id=877807935493033984, displayname='Binance', description=None, rawDescription=None, descriptionUrls=None, verified=None, created=None, followersCount=None, friendsCount=None, statusesCount=None, favouritesCount=None, listedCount=None, mediaCount=None, location=None, protected=None, linkUrl=None, linkTcourl=None, profileImageUrl=None, profileBannerUrl=None, label=None), User(username='BinanceNFT', id=1239887233613733888, displayname='NFT is the future', description=None, rawDescription=None, descriptionUrls=None, verified=None, created=None, followersCount=None, friendsCount=None, statusesCount=None, favouritesCount=None, listedCount=None, mediaCount=None, location=None, protected=None, linkUrl=None, linkTcourl=None, profileImageUrl=None, profileBannerUrl=None, label=None), User(username='NFKingsPro', id=1401776397450940416, displayname='NFKings', description=None, rawDescription=None, descriptionUrls=None, verified=None, created=None, followersCount=None, friendsCount=None, statusesCount=None, favouritesCount=None, listedCount=None, mediaCount=None, location=None, protected=None, linkUrl=None, linkTcourl=None, profileImageUrl=None, profileBannerUrl=None, label=None), User(username='RARA_NFT', id=1401840729240993795, displayname='RARA #NFT #BSC', description=None, rawDescription=None, descriptionUrls=None, verified=None, created=None, followersCount=None, friendsCount=None, statusesCount=None, favouritesCount=None, listedCount=None, mediaCount=None, location=None, protected=None, linkUrl=None, linkTcourl=None, profileImageUrl=None, profileBannerUrl=None, label=None), User(username='Brytehall', id=1422067925381312516, displayname='Brytehall', description=None, rawDescription=None, descriptionUrls=None, verified=None, created=None, followersCount=None, friendsCount=None, statusesCount=None, favouritesCount=None, listedCount=None, mediaCount=None, location=None, protected=None, linkUrl=None, linkTcourl=None, profileImageUrl=None, profileBannerUrl=None, label=None)]"
51,voguesingapore,2021-08-18 08:21:18+00:00,1427908448453238796,"(2/3)

ü§´ Collect all 10 cities to be directed to @RARA_NFT via a secret link for a chance to buy an 11th, limited-edition NFT of a Singapore sunrise.

‚åöÔ∏èComplete the full Mystery Box set and be in the running to get a luxury timepiece. @Binance @BinanceNFT @NFKingsPro @brytehall",20,13,1,0,"[User(username='RARA_NFT', id=1401840729240993795, displayname='RARA #NFT #BSC', description=None, rawDescription=None, descriptionUrls=None, verified=None, created=None, followersCount=None, friendsCount=None, statusesCount=None, favouritesCount=None, listedCount=None, mediaCount=None, location=None, protected=None, linkUrl=None, linkTcourl=None, profileImageUrl=None, profileBannerUrl=None, label=None), User(username='binance', id=877807935493033984, displayname='Binance', description=None, rawDescription=None, descriptionUrls=None, verified=None, created=None, followersCount=None, friendsCount=None, statusesCount=None, favouritesCount=None, listedCount=None, mediaCount=None, location=None, protected=None, linkUrl=None, linkTcourl=None, profileImageUrl=None, profileBannerUrl=None, label=None), User(username='BinanceNFT', id=1239887233613733888, displayname='NFT is the future', description=None, rawDescription=None, descriptionUrls=None, verified=None, created=None, followersCount=None, friendsCount=None, statusesCount=None, favouritesCount=None, listedCount=None, mediaCount=None, location=None, protected=None, linkUrl=None, linkTcourl=None, profileImageUrl=None, profileBannerUrl=None, label=None), User(username='NFKingsPro', id=1401776397450940416, displayname='NFKings', description=None, rawDescription=None, descriptionUrls=None, verified=None, created=None, followersCount=None, friendsCount=None, statusesCount=None, favouritesCount=None, listedCount=None, mediaCount=None, location=None, protected=None, linkUrl=None, linkTcourl=None, profileImageUrl=None, profileBannerUrl=None, label=None), User(username='Brytehall', id=1422067925381312516, displayname='Brytehall', description=None, rawDescription=None, descriptionUrls=None, verified=None, created=None, followersCount=None, friendsCount=None, statusesCount=None, favouritesCount=None, listedCount=None, mediaCount=None, location=None, protected=None, linkUrl=None, linkTcourl=None, profileImageUrl=None, profileBannerUrl=None, label=None)]"
52,voguesingapore,2021-08-18 08:00:01+00:00,1427903093652344832,"(1/3)
üë®‚ÄçüöÄüì¶Vogue Singapore is debuting a series of Mystery Boxes retailing on @Binance in partnership with @NFKingsPro at 7pm SGT from 20/8.

üåÖEach Vogue Singapore Mystery Box contains an NFT artwork depicting a sunrise in one of 10 cities. @RARA_NFT @brytehall @TheBinanceNFT",11,5,1,1,"[User(username='binance', id=877807935493033984, displayname='Binance', description=None, rawDescription=None, descriptionUrls=None, verified=None, created=None, followersCount=None, friendsCount=None, statusesCount=None, favouritesCount=None, listedCount=None, mediaCount=None, location=None, protected=None, linkUrl=None, linkTcourl=None, profileImageUrl=None, profileBannerUrl=None, label=None), User(username='NFKingsPro', id=1401776397450940416, displayname='NFKings', description=None, rawDescription=None, descriptionUrls=None, verified=None, created=None, followersCount=None, friendsCount=None, statusesCount=None, favouritesCount=None, listedCount=None, mediaCount=None, location=None, protected=None, linkUrl=None, linkTcourl=None, profileImageUrl=None, profileBannerUrl=None, label=None), User(username='RARA_NFT', id=1401840729240993795, displayname='RARA #NFT #BSC', description=None, rawDescription=None, descriptionUrls=None, verified=None, created=None, followersCount=None, friendsCount=None, statusesCount=None, favouritesCount=None, listedCount=None, mediaCount=None, location=None, protected=None, linkUrl=None, linkTcourl=None, profileImageUrl=None, profileBannerUrl=None, label=None), User(username='Brytehall', id=1422067925381312516, displayname='Brytehall', description=None, rawDescription=None, descriptionUrls=None, verified=None, created=None, followersCount=None, friendsCount=None, statusesCount=None, favouritesCount=None, listedCount=None, mediaCount=None, location=None, protected=None, linkUrl=None, linkTcourl=None, profileImageUrl=None, profileBannerUrl=None, label=None), User(username='TheBinanceNFT', id=1400391752368992260, displayname='Binance NFT', description=None, rawDescription=None, descriptionUrls=None, verified=None, created=None, followersCount=None, friendsCount=None, statusesCount=None, favouritesCount=None, listedCount=None, mediaCount=None, location=None, protected=None, linkUrl=None, linkTcourl=None, profileImageUrl=None, profileBannerUrl=None, label=None)]"
53,voguesingapore,2021-08-04 02:00:00+00:00,1422739064768266245,"@LouisVuitton is paying tribute to its legendary founder with a global, months-long spectacle that includes its iconic trunk reimagined by contributors such as #BTS, an #NFT-embedded video game, and an @AppleTV  documentary.

https://t.co/uRatFgBVEj",0,0,0,0,"[User(username='LouisVuitton', id=44084633, displayname='Louis Vuitton', description=None, rawDescription=None, descriptionUrls=None, verified=None, created=None, followersCount=None, friendsCount=None, statusesCount=None, favouritesCount=None, listedCount=None, mediaCount=None, location=None, protected=None, linkUrl=None, linkTcourl=None, profileImageUrl=None, profileBannerUrl=None, label=None), User(username='AppleTV', id=82652901, displayname='Apple TV', description=None, rawDescription=None, descriptionUrls=None, verified=None, created=None, followersCount=None, friendsCount=None, statusesCount=None, favouritesCount=None, listedCount=None, mediaCount=None, location=None, protected=None, linkUrl=None, linkTcourl=None, profileImageUrl=None, profileBannerUrl=None, label=None)]"
54,voguesingapore,2021-07-13 02:00:00+00:00,1414766531221860352,"The founder of @cryptoartasia, @radarboy3000, tells us what we can expect to see at the first-ever NFT showcase of its kind. #CAWA #cryptoart 

https://t.co/25mIzPXCFj",14,7,1,0,"[User(username='cryptoartasia', id=1350011528091635713, displayname='üêØ CryptoArtWeekAsia', description=None, rawDescription=None, descriptionUrls=None, verified=None, created=None, followersCount=None, friendsCount=None, statusesCount=None, favouritesCount=None, listedCount=None, mediaCount=None, location=None, protected=None, linkUrl=None, linkTcourl=None, profileImageUrl=None, profileBannerUrl=None, label=None), User(username='radarboy3000', id=34983347, displayname='‚òÆ Radarboy3000', description=None, rawDescription=None, descriptionUrls=None, verified=None, created=None, followersCount=None, friendsCount=None, statusesCount=None, favouritesCount=None, listedCount=None, mediaCount=None, location=None, protected=None, linkUrl=None, linkTcourl=None, profileImageUrl=None, profileBannerUrl=None, label=None)]"
